ID;Resp_ID;Date_HOUR;Date_HOUR_end;Asset_ID; PTS ;Dropdawn;;
78875;AR0238;01/01/2019 2:18;01/01/2019 18:25;NQ.09.21; 25,50 ;-0,50;;
139852;TA0056;01/01/2019 8:34;26/12/2020 9:00;NQ.09.21;-6;-0,67;;
142869;TN0025;01/01/2019 9:02;22/04/2020 9:37;ES.09.21;-2,25;-1;;
142779;TL0367;01/01/2019 18:08;23/08/2019 18:16;NQ.09.21;-6;-2,45;;
78961;AR0196;02/01/2019 8:55;02/01/2019 9:28;ES.09.21; 6,25 ;-0,18;;
139088;TA0056;02/01/2019 18:15;18/06/2020 19:33;NQ.09.21;-6;-1,92;;
79026;TN0108;02/01/2019 18:31;02/01/2019 19:00;GC.07.21; 12,00 ;-0,41;;
138398;TL0367;03/01/2019 2:27;13/01/2019 3:01;NQ.09.21;-6;-2,23;;
79097;TN0025;03/01/2019 8:37;03/01/2019 10:23;ES.09.21; 6,25 ;-0,51;;
141229;TN0025;03/01/2019 8:58;26/05/2020 10:47;ES.09.21;-2,25;-0,14;;
79225;AR0238;03/01/2019 18:32;03/01/2019 19:21;NQ.09.21; 25,50 ;-5,96;;
79171;TN0108;03/01/2019 18:34;03/01/2019 19:23;GC.07.21;-4,00 ;-1,61;;
79257;AR0238;04/01/2019 8:52;04/01/2019 10:31;NQ.09.21;-6,00 ;-2,12;;
139226;TL0367;04/01/2019 18:23;01/10/2019 20:27;NQ.09.21;-6;-0,84;;
79302;TN0108;04/01/2019 18:38;04/01/2019 20:50;GC.07.21;-4,00 ;-2,78;;
141712;TN0173;07/01/2019 2:08;23/03/2020 3:06;NQ.09.21;-6;-2,44;;
139189;TL0151;07/01/2019 2:17;25/06/2020 2:49;DX.09.21;-8;-0,86;;
142405;TL0151;07/01/2019 3:19;16/12/2019 2:14;DX.09.21;-8;-5,67;;
143506;TN0310;07/01/2019 8:45;12/05/2020 8:54;CL.07.21;-5;-3,85;;
79513;TN0108;07/01/2019 8:47;07/01/2019 18:45;GC.07.21; 12,00 ;-3,55;;
79403;TA0056;07/01/2019 8:51;07/01/2019 9:17;NQ.09.21; 25,50 ;-5,61;;
79332;TA0104;07/01/2019 8:53;07/01/2019 18:44;GC.07.21;-4,00 ;-2,09;;
79453;TN0173;07/01/2019 9:01;07/01/2019 9:51;NQ.09.21; 25,50 ;-4,65;;
142862;AV0171;07/01/2019 9:50;18/03/2019 8:42;ES.09.21;-2,25;-1,23;;
143310;TN0108;07/01/2019 18:15;22/08/2020 19:15;GC.07.21;-4;-1,23;;
139073;TN0173;07/01/2019 18:18;17/04/2019 19:18;NQ.09.21;-6;-2,81;;
79658;TL0274;08/01/2019 8:55;08/01/2019 9:17;CL.07.21; 15,00 ;-2,11;;
141086;AR0238;08/01/2019 8:55;15/03/2020 9:05;NQ.09.21;-6;-2,68;;
79576;AR0238;08/01/2019 8:59;08/01/2019 11:13;NQ.09.21;-6,00 ;-3,25;;
140473;TN0108;08/01/2019 18:10;12/08/2019 18:59;GC.07.21;-4;-3,87;;
79707;TN0173;08/01/2019 18:15;08/01/2019 19:35;NQ.09.21; 25,50 ;-1,68;;
79901;AR0196;09/01/2019 2:17;09/01/2019 8:51;ES.09.21; 6,25 ;-0,37;;
79795;AV0171;09/01/2019 8:32;09/01/2019 8:53;ES.09.21; 6,25 ;-0,47;;
139221;TA0104;09/01/2019 10:51;13/05/2019 8:42;GC.07.21;-4;-0,79;;
79869;AV0171;09/01/2019 18:31;09/01/2019 20:18;ES.09.21;-2,25 ;-1,93;;
140468;TA0056;09/01/2019 19:11;26/08/2020 18:15;NQ.09.21;-6;-4,68;;
79973;AR0196;10/01/2019 2:04;10/01/2019 10:44;ES.09.21; 6,25 ;-1,70;;
139068;TN0062;10/01/2019 3:07;03/12/2020 2:27;NQ.09.21;-6;-2,1;;
143302;TN0173;10/01/2019 10:55;24/01/2019 8:55;NQ.09.21;-6;-1,3;;
142412;TA0104;10/01/2019 18:14;24/04/2019 20:00;GC.07.21;-4;-3,09;;
142772;TN0173;10/01/2019 19:01;20/06/2019 18:20;NQ.09.21;-6;-2,87;;
139081;TL0367;12/01/2019 19:55;11/04/2019 18:06;NQ.09.21;-6;-4,29;;
139846;AV0171;13/01/2019 2:59;04/03/2019 2:08;ES.09.21;-2,25;-1,54;;
139181;TA0056;13/01/2019 9:38;17/01/2020 8:55;NQ.09.21;-6;-1,12;;
138404;TA0056;14/01/2019 2:36;18/01/2019 2:41;NQ.09.21;-6;-5,02;;
140437;AR0196;14/01/2019 8:50;14/12/2020 9:04;ES.09.21;-2,25;-0,78;;
80043;TN0310;14/01/2019 8:55;14/01/2019 9:51;CL.07.21; 15,00 ;-2,11;;
141222;TL0367;14/01/2019 10:58;14/03/2019 8:56;NQ.09.21;-6;-5,53;;
138544;TN0025;15/01/2019 8:35;03/09/2019 8:44;ES.09.21;-2,25;-1,12;;
80123;TA0104;15/01/2019 8:42;15/01/2019 20:00;GC.07.21; 12,00 ;-2,57;;
80156;TN0173;16/01/2019 2:18;16/01/2019 10:46;NQ.09.21;-6,00 ;-1,75;;
138673;TN0173;16/01/2019 2:22;28/02/2019 2:36;NQ.09.21;-6;-1,26;;
139953;AR0196;16/01/2019 2:22;08/03/2020 4:31;ES.09.21;-2,25;-1,94;;
140814;TL0367;16/01/2019 18:08;07/11/2019 18:40;NQ.09.21;-6;-5,37;;
142490;TN0108;16/01/2019 18:38;17/04/2019 20:09;GC.07.21;-4;-3,03;;
139300;TN0025;17/01/2019 8:49;10/02/2019 9:32;ES.09.21;-2,25;-2,1;;
140809;TN0062;17/01/2019 10:42;04/09/2019 9:01;NQ.09.21;-6;-2,49;;
80242;TN0108;17/01/2019 18:31;17/01/2019 20:00;GC.07.21;-4,00 ;-1,61;;
141079;AR0238;19/01/2019 2:54;21/02/2020 2:04;NQ.09.21;-6;-5,25;;
141707;TN0025;19/01/2019 10:18;27/12/2019 9:02;ES.09.21;-2,25;-1,95;;
143500;TN0062;20/01/2019 18:27;21/06/2019 18:06;NQ.09.21;-6;-0,57;;
143240;TN0025;21/01/2019 2:17;17/08/2019 3:28;ES.09.21;-2,25;-1,67;;
80296;TA0056;21/01/2019 2:22;21/01/2019 19:35;NQ.09.21;-6,00 ;-3,15;;
139945;TN0204;21/01/2019 8:51;27/07/2020 8:48;ES.09.21;-2,25;-0,67;;
80367;TN0108;21/01/2019 18:31;21/01/2019 20:16;GC.07.21;-4,00 ;-2,78;;
138734;TA0056;22/01/2019 8:32;13/12/2020 10:19;NQ.09.21;-6;-1,72;;
80441;TN0062;22/01/2019 8:44;22/01/2019 10:12;NQ.09.21; 25,50 ;-1,08;;
80407;AR0238;22/01/2019 9:03;22/01/2019 9:13;NQ.09.21; 25,50 ;-3,05;;
80564;TL0151;23/01/2019 2:08;23/01/2019 3:16;DX.09.21; 12,00 ;-6,73;;
80489;TL0151;23/01/2019 2:25;23/01/2019 3:09;DX.09.21; 12,00 ;-0,52;;
139559;AV0171;24/01/2019 2:24;16/03/2020 2:04;ES.09.21;-2,25;-1,27;;
80643;TL0151;24/01/2019 2:37;24/01/2019 3:00;DX.09.21; 12,00 ;-3,95;;
142006;TN0204;24/01/2019 8:44;13/03/2019 9:47;ES.09.21;-2,25;-1,9;;
80749;TL0151;25/01/2019 2:17;25/01/2019 2:36;DX.09.21; 12,00 ;-6,42;;
80700;TN0025;25/01/2019 8:35;25/01/2019 9:14;ES.09.21; 6,25 ;-0,47;;
139564;AR0196;25/01/2019 8:55;21/08/2019 10:26;ES.09.21;-2,25;-1,04;;
143233;TL0274;25/01/2019 9:31;19/11/2019 8:44;CL.07.21;-5;-0,18;;
141999;TN0310;25/01/2019 10:27;05/09/2019 8:56;CL.07.21;-5;-3,03;;
143295;TN0062;25/01/2019 18:35;24/12/2019 18:33;NQ.09.21;-6;-4,13;;
139295;AR0238;26/01/2019 10:01;01/04/2020 9:01;NQ.09.21;-6;-5,02;;
138729;TL0274;27/01/2019 8:39;20/01/2020 8:32;CL.07.21;-5;-0,96;;
140429;TN0204;28/01/2019 10:38;11/08/2020 8:42;ES.09.21;-2,25;-1,82;;
138668;TA0104;28/01/2019 10:57;12/02/2020 8:47;GC.07.21;-4;-3,58;;
142105;TL0367;29/01/2019 2:27;10/07/2019 2:41;NQ.09.21;-6;-1,48;;
141178;TN0310;29/01/2019 8:44;23/07/2020 10:06;CL.07.21;-5;-1,24;;
80827;AV0171;29/01/2019 8:55;29/01/2019 11:24;ES.09.21; 6,25 ;-1,98;;
80886;TN0310;30/01/2019 2:06;30/01/2019 2:23;CL.07.21; 15,00 ;-0,92;;
142482;AV0171;30/01/2019 2:31;20/12/2019 2:23;ES.09.21;-2,25;-1,68;;
140523;TL0367;30/01/2019 8:49;02/11/2019 10:57;NQ.09.21;-6;-0,96;;
143175;TL0367;30/01/2019 8:52;25/10/2019 9:15;NQ.09.21;-6;-5,66;;
138539;TN0173;30/01/2019 9:44;22/04/2020 8:34;NQ.09.21;-6;-5,28;;
142099;AR0238;31/01/2019 3:09;20/08/2020 2:22;NQ.09.21;-6;-0,19;;
138495;AR0196;31/01/2019 10:24;08/10/2019 8:34;ES.09.21;-2,25;-2,15;;
80956;TA0104;01/02/2019 18:06;01/02/2019 20:18;GC.07.21;-4,00 ;-1,27;;
80920;TA0104;01/02/2019 18:14;01/02/2019 20:23;GC.07.21;-4,00 ;-1,71;;
142884;TA0056;03/02/2019 2:22;01/12/2020 2:18;NQ.09.21;-6;-2,2;;
142892;TL0274;04/02/2019 2:06;14/10/2020 3:31;CL.07.21;-5;-0,62;;
138500;TN0062;04/02/2019 8:40;24/04/2020 9:52;NQ.09.21;-6;-2,27;;
81042;TN0173;04/02/2019 8:58;04/02/2019 10:08;NQ.09.21;-6,00 ;-3,74;;
142588;TN0173;04/02/2019 19:40;27/03/2020 18:20;NQ.09.21;-6;-5,54;;
142757;TN0025;05/02/2019 19:05;28/05/2020 18:31;ES.09.21;-2,25;-0,57;;
139308;TL0151;06/02/2019 2:22;13/09/2019 3:46;DX.09.21;-8;-7,8;;
142593;TN0025;06/02/2019 2:37;23/12/2019 4:17;ES.09.21;-2,25;-1,51;;
143170;AR0238;06/02/2019 3:23;17/06/2019 2:09;NQ.09.21;-6;-2,81;;
81142;AV0171;06/02/2019 8:33;06/02/2019 10:15;ES.09.21; 6,25 ;-1,30;;
81106;TN0204;06/02/2019 8:49;06/02/2019 10:29;ES.09.21; 6,25 ;-0,47;;
140517;AV0171;06/02/2019 10:25;10/04/2020 8:35;ES.09.21;-2,25;-1,49;;
140364;TN0062;06/02/2019 18:23;14/07/2019 19:50;NQ.09.21;-6;-0,97;;
141170;TN0108;06/02/2019 19:05;26/08/2020 18:10;GC.07.21;-4;-1,87;;
81232;TL0367;07/02/2019 2:17;07/02/2019 10:46;NQ.09.21; 25,50 ;-0,70;;
142765;TA0056;07/02/2019 8:49;16/06/2019 10:36;NQ.09.21;-6;-5,56;;
81192;TL0367;07/02/2019 18:05;07/02/2019 18:47;NQ.09.21;-6,00 ;-3,84;;
139007;AR0196;08/02/2019 8:48;19/06/2019 10:39;ES.09.21;-2,25;-1,52;;
81266;AR0196;08/02/2019 8:55;08/02/2019 20:35;ES.09.21; 6,25 ;-1,23;;
139991;AR0238;08/02/2019 9:03;08/05/2020 10:13;NQ.09.21;-6;-0,86;;
140828;AR0238;08/02/2019 18:33;16/07/2019 19:30;NQ.09.21;-6;-5,73;;
139725;TN0173;11/02/2019 2:09;02/03/2020 2:47;NQ.09.21;-6;-5,01;;
81482;AR0196;11/02/2019 2:22;11/02/2019 2:55;ES.09.21; 6,25 ;-1,82;;
142190;AR0196;11/02/2019 4:11;11/06/2019 2:17;ES.09.21;-2,25;-0,71;;
81311;TL0274;11/02/2019 8:34;11/02/2019 10:01;CL.07.21;-5,00 ;-0,44;;
140151;AR0196;11/02/2019 8:34;17/10/2019 9:59;ES.09.21;-2,25;-0,1;;
141323;AV0171;11/02/2019 8:35;02/03/2019 10:41;ES.09.21;-2,25;-0,51;;
81393;TL0274;11/02/2019 8:51;11/02/2019 10:32;CL.07.21;-5,00 ;-2,37;;
81644;TN0062;12/02/2019 2:09;12/02/2019 10:31;NQ.09.21; 25,50 ;-1,19;;
81519;TN0204;12/02/2019 2:22;12/02/2019 3:57;ES.09.21; 6,25 ;-1,06;;
140207;AR0196;12/02/2019 8:37;07/07/2020 8:55;ES.09.21;-2,25;-0,15;;
81587;TL0274;12/02/2019 8:40;12/02/2019 9:13;CL.07.21; 15,00 ;-3,69;;
141285;TL0274;12/02/2019 8:57;01/03/2019 10:17;CL.07.21;-5;-1,61;;
139928;AR0196;12/02/2019 9:04;25/05/2020 9:16;ES.09.21;-2,25;-1,68;;
142195;TN0025;12/02/2019 9:04;09/08/2020 10:52;ES.09.21;-2,25;-1,88;;
141878;TN0062;13/02/2019 8:32;18/09/2019 10:46;NQ.09.21;-6;-3,55;;
81722;TL0274;13/02/2019 8:34;13/02/2019 10:27;CL.07.21; 15,00 ;-3,83;;
138809;TL0274;13/02/2019 8:40;01/05/2019 9:52;CL.07.21;-5;-0,74;;
138999;TA0056;13/02/2019 9:26;23/03/2020 9:03;NQ.09.21;-6;-3,74;;
81788;TN0025;14/02/2019 8:48;14/02/2019 10:49;ES.09.21; 6,25 ;-0,74;;
142140;TN0025;14/02/2019 9:06;13/11/2019 9:17;ES.09.21;-2,25;-2,2;;
141871;TN0173;14/02/2019 9:31;10/04/2019 8:59;NQ.09.21;-6;-5,41;;
81846;TL0367;15/02/2019 8:46;15/02/2019 9:25;NQ.09.21;-6,00 ;-1,80;;
140359;AR0238;15/02/2019 9:27;12/06/2019 8:55;NQ.09.21;-6;-0,47;;
139923;TA0056;15/02/2019 10:00;17/05/2019 8:59;NQ.09.21;-6;-2,16;;
139586;TN0173;15/02/2019 18:15;05/11/2020 19:42;NQ.09.21;-6;-4,4;;
139160;AR0238;15/02/2019 18:20;null;NQ.09.21;null;null;;
140984;TN0062;16/02/2019 2:35;null;NQ.09.21;null;null;;
140146;TL0274;16/02/2019 4:18;24/02/2020 2:15;CL.07.21;-5;-1,73;;
139986;AR0238;16/02/2019 8:50;03/06/2019 8:34;NQ.09.21;-6;-3,47;;
138992;TN0204;18/02/2019 8:44;31/03/2020 9:10;ES.09.21;-2,25;-0,28;;
141329;TA0056;18/02/2019 8:52;05/04/2019 10:34;NQ.09.21;-6;-4,72;;
141278;TN0204;18/02/2019 9:31;10/10/2019 9:08;ES.09.21;-2,25;-1,87;;
81980;TN0108;18/02/2019 18:27;18/02/2019 20:21;GC.07.21; 12,00 ;-3,50;;
81934;TA0104;18/02/2019 18:34;18/02/2019 19:29;GC.07.21; 12,00 ;-0,20;;
140992;TN0062;19/02/2019 2:09;11/06/2020 2:19;NQ.09.21;-6;-2,42;;
82093;AV0171;19/02/2019 8:32;19/02/2019 10:37;ES.09.21; 6,25 ;-1,59;;
82013;AR0196;19/02/2019 8:38;19/02/2019 9:56;ES.09.21;-2,25 ;-0,74;;
138824;AR0196;19/02/2019 9:52;12/08/2020 8:42;ES.09.21;-2,25;-1,12;;
138829;TA0104;19/02/2019 18:10;19/06/2019 18:16;GC.07.21;-4;-2,97;;
82362;TN0173;20/02/2019 2:23;20/02/2019 18:47;NQ.09.21;-6,00 ;-4,24;;
82240;TN0310;20/02/2019 2:36;20/02/2019 8:51;CL.07.21;-5,00 ;-2,59;;
138804;TN0025;20/02/2019 3:14;30/12/2020 2:04;ES.09.21;-2,25;-0,57;;
82281;TL0274;20/02/2019 8:40;20/02/2019 9:23;CL.07.21; 15,00 ;-0,80;;
82424;TN0062;20/02/2019 8:40;20/02/2019 9:17;NQ.09.21;-6,00 ;-2,64;;
82147;TL0367;20/02/2019 8:48;20/02/2019 9:49;NQ.09.21;-6,00 ;-4,65;;
82177;TN0025;20/02/2019 8:49;20/02/2019 9:36;ES.09.21;-2,25 ;-0,51;;
143125;TN0062;20/02/2019 9:02;24/12/2020 9:35;NQ.09.21;-6;-1,17;;
138986;AV0171;20/02/2019 9:28;06/08/2020 9:01;ES.09.21;-2,25;-0,39;;
140820;AR0196;20/02/2019 10:21;30/10/2019 9:08;ES.09.21;-2,25;-1,62;;
139581;TN0025;21/02/2019 3:06;15/06/2020 2:22;ES.09.21;-2,25;-1,26;;
139569;TN0062;21/02/2019 9:36;09/08/2019 8:56;NQ.09.21;-6;-5,85;;
139576;TL0274;22/02/2019 2:23;21/06/2020 2:32;CL.07.21;-5;-1,56;;
139718;TN0173;22/02/2019 2:58;01/07/2019 2:22;NQ.09.21;-6;-0,35;;
138680;TN0108;22/02/2019 8:35;31/12/2019 9:12;GC.07.21;-4;-2,09;;
82471;AR0238;22/02/2019 8:59;22/02/2019 10:07;NQ.09.21; 25,50 ;-0,90;;
140199;AR0196;23/02/2019 9:12;14/05/2020 8:55;ES.09.21;-2,25;-1,32;;
140183;TL0274;24/02/2019 9:12;24/05/2019 8:43;CL.07.21;-5;-0,64;;
82760;TA0056;25/02/2019 2:18;25/02/2019 9:13;NQ.09.21;-6,00 ;-2,86;;
82557;TL0151;25/02/2019 2:32;25/02/2019 2:58;DX.09.21; 12,00 ;-6,73;;
82684;AR0196;25/02/2019 2:36;25/02/2019 3:09;ES.09.21;-2,25 ;-1,70;;
142132;TL0367;25/02/2019 2:37;06/08/2019 2:23;NQ.09.21;-6;-4,75;;
140042;TN0062;25/02/2019 3:33;19/06/2019 2:09;NQ.09.21;-6;-0,84;;
82637;TN0108;25/02/2019 8:37;25/02/2019 20:16;GC.07.21; 12,00 ;-2,78;;
141316;TN0173;25/02/2019 9:30;08/04/2020 8:52;NQ.09.21;-6;-5,09;;
140629;TL0367;25/02/2019 18:31;19/07/2019 19:14;NQ.09.21;-6;-4,15;;
140191;TL0367;26/02/2019 2:23;20/05/2020 3:01;NQ.09.21;-6;-4,54;;
82818;TN0062;26/02/2019 2:27;26/02/2019 3:01;NQ.09.21; 25,50 ;-3,04;;
142011;TN0025;26/02/2019 9:04;15/01/2020 10:09;ES.09.21;-2,25;-0,69;;
139153;TN0310;26/02/2019 11:06;05/09/2019 9:04;CL.07.21;-5;-2,51;;
82926;AR0196;27/02/2019 8:42;27/02/2019 9:14;ES.09.21; 6,25 ;-1,92;;
142273;TN0204;27/02/2019 8:42;16/12/2020 9:19;ES.09.21;-2,25;-1,64;;
82872;TN0204;27/02/2019 8:57;27/02/2019 10:26;ES.09.21; 6,25 ;-1,06;;
138557;TA0056;27/02/2019 9:03;06/08/2020 9:15;NQ.09.21;-6;-5,26;;
141291;AR0238;27/02/2019 18:22;25/07/2019 18:48;NQ.09.21;-6;-1,21;;
83001;TL0274;28/02/2019 8:34;28/02/2019 10:09;CL.07.21; 15,00 ;-1,53;;
83064;TA0056;28/02/2019 8:49;28/02/2019 9:14;NQ.09.21; 25,50 ;-5,44;;
140048;TL0274;28/02/2019 8:55;21/05/2020 10:04;CL.07.21;-5;-4,59;;
141264;TN0062;01/03/2019 10:00;30/10/2019 8:47;NQ.09.21;-6;-2,7;;
143119;TL0367;03/03/2019 3:55;01/08/2019 2:36;NQ.09.21;-6;-4,42;;
139838;TN0173;03/03/2019 4:06;21/07/2020 2:22;NQ.09.21;-6;-1,06;;
140408;TN0173;03/03/2019 9:31;12/08/2020 8:47;NQ.09.21;-6;-3,37;;
83216;TL0367;04/03/2019 8:37;04/03/2019 10:42;NQ.09.21;-6,00 ;-5,07;;
83139;AV0171;04/03/2019 8:44;04/03/2019 9:37;ES.09.21;-2,25 ;-1,93;;
141270;TL0274;04/03/2019 8:57;19/10/2019 10:55;CL.07.21;-5;-3,3;;
142639;TN0025;04/03/2019 18:31;01/05/2019 20:39;ES.09.21;-2,25;-0,83;;
83246;TA0104;04/03/2019 18:38;04/03/2019 18:55;GC.07.21; 12,00 ;-1,27;;
140623;TN0310;05/03/2019 3:16;28/05/2020 2:20;CL.07.21;-5;-0,92;;
83315;TN0173;05/03/2019 8:37;05/03/2019 10:42;NQ.09.21; 25,50 ;-2,75;;
142710;AR0196;05/03/2019 8:40;24/11/2019 9:11;ES.09.21;-2,25;-1,48;;
141700;TA0104;05/03/2019 8:45;30/12/2019 10:11;GC.07.21;-4;-2,26;;
83358;TN0062;05/03/2019 9:06;05/03/2019 9:49;NQ.09.21; 25,50 ;-1,19;;
139638;TN0204;05/03/2019 10:24;15/08/2019 9:01;ES.09.21;-2,25;-1,72;;
141501;TA0056;06/03/2019 2:16;16/11/2019 4:00;NQ.09.21;-6;-5,91;;
140615;TL0274;06/03/2019 8:32;01/06/2020 8:50;CL.07.21;-5;-3,55;;
140698;TN0062;06/03/2019 8:32;26/09/2020 9:39;NQ.09.21;-6;-5,7;;
83417;TL0367;06/03/2019 8:44;06/03/2019 9:34;NQ.09.21;-6,00 ;-2,34;;
83536;TA0056;08/03/2019 2:23;08/03/2019 10:33;NQ.09.21; 25,50 ;-0,11;;
141693;AV0171;08/03/2019 2:23;24/07/2019 2:16;ES.09.21;-2,25;-1,99;;
138477;AV0171;08/03/2019 8:32;10/03/2020 9:00;ES.09.21;-2,25;-0,59;;
83497;AR0196;08/03/2019 8:36;08/03/2019 8:51;ES.09.21; 6,25 ;-1,51;;
141728;TN0062;08/03/2019 8:47;08/01/2021 9:03;NQ.09.21;-6;-5,42;;
140736;TN0204;08/03/2019 8:48;26/04/2020 9:17;ES.09.21;-2,25;-0,52;;
83661;TN0204;08/03/2019 8:55;08/03/2019 10:43;ES.09.21; 6,25 ;-1,51;;
140415;TN0173;08/03/2019 9:02;01/08/2020 11:12;NQ.09.21;-6;-4,93;;
139645;TA0104;08/03/2019 18:14;28/01/2020 19:03;GC.07.21;-4;-1,59;;
83575;TN0108;08/03/2019 18:34;08/03/2019 20:20;GC.07.21;-4,00 ;-3,55;;
141720;TA0056;09/03/2019 2:30;13/03/2020 2:09;NQ.09.21;-6;-4,91;;
141621;TL0274;09/03/2019 8:56;05/08/2019 8:32;CL.07.21;-5;-1,91;;
142704;TN0204;09/03/2019 9:37;18/09/2020 9:08;ES.09.21;-2,25;-1,68;;
141496;TN0204;09/03/2019 18:44;01/04/2020 18:31;ES.09.21;-2,25;-1,93;;
140731;TA0104;09/03/2019 19:47;15/06/2020 18:14;GC.07.21;-4;-3,38;;
83736;TN0310;11/03/2019 2:36;11/03/2019 4:27;CL.07.21;-5,00 ;-1,53;;
138552;TN0204;11/03/2019 4:45;03/09/2019 2:37;ES.09.21;-2,25;-1,89;;
141626;TA0056;11/03/2019 8:46;25/05/2019 9:56;NQ.09.21;-6;-1,02;;
83772;AR0196;11/03/2019 8:51;11/03/2019 8:54;ES.09.21; 6,25 ;-1,77;;
142470;AV0171;11/03/2019 9:05;08/05/2019 9:06;ES.09.21;-2,25;-0,03;;
142267;AR0238;12/03/2019 4:13;21/09/2020 2:08;NQ.09.21;-6;-1;;
83804;TL0367;12/03/2019 8:47;12/03/2019 10:07;NQ.09.21; 25,50 ;-2,12;;
83849;TN0108;12/03/2019 18:34;12/03/2019 19:55;GC.07.21;-4,00 ;-0,42;;
138469;AR0238;13/03/2019 4:31;08/07/2019 2:22;NQ.09.21;-6;-4,77;;
140537;AV0171;14/03/2019 2:27;11/09/2020 2:35;ES.09.21;-2,25;-0,02;;
83935;AR0196;14/03/2019 8:42;14/03/2019 9:14;ES.09.21; 6,25 ;-0,77;;
83986;AR0196;14/03/2019 8:48;14/03/2019 10:23;ES.09.21; 6,25 ;-0,47;;
84063;TN0062;14/03/2019 9:06;14/03/2019 10:31;NQ.09.21; 25,50 ;-3,13;;
140607;TN0173;14/03/2019 10:58;05/04/2019 9:02;NQ.09.21;-6;-3,8;;
141916;TL0151;15/03/2019 3:01;21/10/2019 2:03;DX.09.21;-8;-7,12;;
140690;TA0056;15/03/2019 3:36;07/02/2020 2:08;NQ.09.21;-6;-2,6;;
142633;TN0025;16/03/2019 9:40;26/09/2019 8:53;ES.09.21;-2,25;-1,44;;
143359;TA0104;16/03/2019 19:25;02/07/2020 18:06;GC.07.21;-4;-0,63;;
141378;TA0056;17/03/2019 3:43;26/06/2019 2:16;NQ.09.21;-6;-2,43;;
141215;AR0238;17/03/2019 10:37;null;NQ.09.21;null;null;;
84167;TL0151;18/03/2019 2:22;18/03/2019 3:09;DX.09.21; 12,00 ;-3,46;;
84129;AV0171;18/03/2019 9:08;18/03/2019 10:22;ES.09.21; 6,25 ;-1,70;;
141384;AR0238;18/03/2019 18:05;30/06/2020 19:28;NQ.09.21;-6;-5,47;;
142465;TN0108;18/03/2019 18:39;23/04/2019 18:10;GC.07.21;-4;-3,25;;
141922;TL0367;19/03/2019 2:08;18/08/2020 2:43;NQ.09.21;-6;-5,63;;
138695;TL0274;19/03/2019 2:10;15/05/2019 4:14;CL.07.21;-5;-3,04;;
84249;AR0196;19/03/2019 2:22;19/03/2019 9:45;ES.09.21; 6,25 ;-1,59;;
140934;AR0238;19/03/2019 8:56;30/06/2020 9:09;NQ.09.21;-6;-0,6;;
143364;TA0056;20/03/2019 2:21;29/10/2019 4:23;NQ.09.21;-6;-0,59;;
84324;TN0108;20/03/2019 8:35;20/03/2019 19:00;GC.07.21; 12,00 ;-2,78;;
140928;TL0151;21/03/2019 4:02;30/09/2019 2:24;DX.09.21;-8;-1,77;;
141904;TN0062;21/03/2019 8:32;null;NQ.09.21;null;null;;
142558;TA0056;21/03/2019 8:44;01/05/2019 9:02;NQ.09.21;-6;-0,45;;
140229;TA0056;21/03/2019 8:52;08/08/2019 9:30;NQ.09.21;-6;-1,01;;
84393;AV0171;21/03/2019 9:05;21/03/2019 9:11;ES.09.21; 6,25 ;-1,59;;
84532;TL0151;22/03/2019 2:22;22/03/2019 3:20;DX.09.21; 12,00 ;-0,52;;
84455;TN0173;22/03/2019 8:46;22/03/2019 20:08;NQ.09.21; 25,50 ;-5,65;;
142551;TA0056;23/03/2019 10:42;07/05/2020 8:52;NQ.09.21;-6;-4,3;;
138690;TN0108;23/03/2019 10:45;05/08/2019 9:01;GC.07.21;-4;-2,06;;
138448;TN0025;25/03/2019 10:53;17/04/2019 9:08;ES.09.21;-2,25;-1,54;;
141337;TN0310;26/03/2019 2:18;11/05/2020 4:16;CL.07.21;-5;-3,6;;
142856;AR0196;26/03/2019 3:10;07/04/2020 2:36;ES.09.21;-2,25;-0,34;;
141047;TN0025;26/03/2019 3:44;08/01/2020 2:14;ES.09.21;-2,25;-0,62;;
84579;AV0171;26/03/2019 8:37;26/03/2019 9:56;ES.09.21; 6,25 ;-0,51;;
84629;TN0025;27/03/2019 8:32;27/03/2019 10:50;ES.09.21; 6,25 ;-2,09;;
138634;TA0056;27/03/2019 8:56;25/12/2019 9:49;NQ.09.21;-6;-2,75;;
141897;TN0062;28/03/2019 4:35;21/10/2020 2:36;NQ.09.21;-6;-3,52;;
84687;TL0274;28/03/2019 8:37;28/03/2019 8:59;CL.07.21; 15,00 ;-2,59;;
84749;TN0204;28/03/2019 8:42;28/03/2019 10:24;ES.09.21;-2,25 ;-0,09;;
143480;AR0238;28/03/2019 8:55;05/04/2019 10:17;NQ.09.21;-6;-4,91;;
138455;TL0367;28/03/2019 8:59;10/03/2020 9:52;NQ.09.21;-6;-1,63;;
139389;TN0173;28/03/2019 9:18;25/06/2020 8:34;NQ.09.21;-6;-0,7;;
84802;TA0104;28/03/2019 18:10;28/03/2019 20:22;GC.07.21; 12,00 ;-0,41;;
140487;TN0062;29/03/2019 2:27;05/05/2020 4:12;NQ.09.21;-6;-0,06;;
139213;TN0310;29/03/2019 2:36;26/05/2019 2:42;CL.07.21;-5;0;;
140530;TL0367;29/03/2019 2:47;06/11/2019 2:08;NQ.09.21;-6;-0,99;;
140223;AR0196;29/03/2019 3:37;12/06/2019 2:16;ES.09.21;-2,25;-1,46;;
141052;TL0274;29/03/2019 8:56;23/05/2020 11:10;CL.07.21;-5;-3,84;;
84844;AV0171;29/03/2019 9:01;29/03/2019 10:16;ES.09.21; 6,25 ;-0,49;;
140479;TN0108;30/03/2019 19:22;01/08/2019 18:14;GC.07.21;-4;-0,84;;
143473;TN0062;30/03/2019 19:44;15/06/2020 18:23;NQ.09.21;-6;-5,81;;
85007;AV0171;01/04/2019 8:40;01/04/2019 20:53;ES.09.21; 6,25 ;-1,90;;
84955;TN0204;01/04/2019 8:51;01/04/2019 10:16;ES.09.21;-2,25 ;-1,92;;
84901;TN0062;01/04/2019 18:32;01/04/2019 19:14;NQ.09.21;-6,00 ;-2,75;;
85165;TL0367;02/04/2019 8:32;02/04/2019 19:35;NQ.09.21;-6,00 ;-2,12;;
143486;TN0204;02/04/2019 8:36;04/12/2019 9:28;ES.09.21;-2,25;-1,25;;
141020;AV0171;02/04/2019 8:38;09/10/2019 9:24;ES.09.21;-2,25;-0,95;;
138576;TN0025;02/04/2019 9:02;null;ES.09.21;null;null;;
85078;TA0104;02/04/2019 18:14;02/04/2019 18:44;GC.07.21; 12,00 ;-1,86;;
85124;TN0025;02/04/2019 18:31;02/04/2019 19:03;ES.09.21; 6,25 ;-0,47;;
85326;TL0151;03/04/2019 2:37;03/04/2019 4:06;DX.09.21; 12,00 ;-3,46;;
139396;TL0151;03/04/2019 2:37;24/07/2020 2:59;DX.09.21;-8;-5,93;;
138627;TL0274;03/04/2019 3:48;09/11/2020 2:10;CL.07.21;-5;-1,09;;
85296;TL0274;03/04/2019 8:33;03/04/2019 9:43;CL.07.21; 15,00 ;-0,27;;
85225;TN0204;03/04/2019 8:57;03/04/2019 10:03;ES.09.21;-2,25 ;-1,98;;
138639;AV0171;03/04/2019 10:50;17/12/2019 8:37;ES.09.21;-2,25;-2,13;;
85363;TN0025;05/04/2019 2:14;05/04/2019 9:28;ES.09.21; 6,25 ;-1,98;;
85440;AR0196;05/04/2019 8:51;05/04/2019 9:45;ES.09.21;-2,25 ;-0,67;;
85477;TN0173;05/04/2019 18:20;05/04/2019 19:10;NQ.09.21;-6,00 ;-0,11;;
141864;AR0238;06/04/2019 10:53;23/04/2020 8:44;NQ.09.21;-6;-3,14;;
141013;TL0151;07/04/2019 2:35;03/12/2019 2:17;DX.09.21;-8;-3,97;;
139206;AV0171;07/04/2019 4:21;22/06/2020 2:37;ES.09.21;-2,25;-0,22;;
85623;TN0062;08/04/2019 2:21;08/04/2019 10:51;NQ.09.21;-6,00 ;-6,02;;
85682;AV0171;08/04/2019 8:40;08/04/2019 10:37;ES.09.21; 6,25 ;-0,47;;
138647;TL0367;08/04/2019 8:46;01/07/2019 9:19;NQ.09.21;-6;-3,5;;
142495;TN0173;08/04/2019 8:46;20/12/2019 8:50;NQ.09.21;-6;-1,99;;
85592;TA0104;08/04/2019 8:53;08/04/2019 9:22;GC.07.21; 12,00 ;-0,09;;
141580;TN0025;08/04/2019 9:57;24/11/2020 9:08;ES.09.21;-2,25;-0,85;;
85509;AR0238;08/04/2019 18:32;08/04/2019 20:13;NQ.09.21; 25,50 ;-0,90;;
85754;TN0062;09/04/2019 2:18;09/04/2019 19:46;NQ.09.21; 25,50 ;-2,89;;
85827;TN0108;09/04/2019 8:42;09/04/2019 20:00;GC.07.21;-4,00 ;-2,09;;
142417;AV0171;09/04/2019 8:50;null;ES.09.21;null;null;;
141145;TN0108;09/04/2019 8:53;22/10/2020 10:23;GC.07.21;-4;-3,14;;
143268;TN0310;10/04/2019 2:04;27/06/2019 2:09;CL.07.21;-5;-0,64;;
85900;TN0062;10/04/2019 8:55;10/04/2019 10:08;NQ.09.21; 25,50 ;-2,13;;
141585;AR0238;10/04/2019 9:06;06/10/2020 9:08;NQ.09.21;-6;-1,94;;
143261;TL0274;11/04/2019 2:14;28/06/2019 2:06;CL.07.21;-5;-3,82;;
85985;TL0151;11/04/2019 2:25;11/04/2019 3:56;DX.09.21; 12,00 ;-0,52;;
86156;TL0151;12/04/2019 2:03;12/04/2019 2:58;DX.09.21; 12,00 ;-0,83;;
86050;TN0204;12/04/2019 2:37;12/04/2019 3:44;ES.09.21; 6,25 ;-0,18;;
86122;TN0310;12/04/2019 8:33;12/04/2019 10:38;CL.07.21;-5,00 ;-1,15;;
86085;TA0104;12/04/2019 8:37;12/04/2019 18:38;GC.07.21;-4,00 ;-0,41;;
139019;TN0025;12/04/2019 8:37;14/10/2019 10:41;ES.09.21;-2,25;-2,16;;
86289;TN0310;12/04/2019 8:56;12/04/2019 9:16;CL.07.21;-5,00 ;-3,72;;
139012;TA0056;12/04/2019 9:51;12/06/2019 8:58;NQ.09.21;-6;-2,73;;
141928;TN0204;12/04/2019 10:43;12/08/2020 8:58;ES.09.21;-2,25;-0,34;;
141138;AV0171;12/04/2019 11:16;28/01/2020 9:06;ES.09.21;-2,25;-0,09;;
86226;TN0173;12/04/2019 18:18;12/04/2019 19:35;NQ.09.21;-6,00 ;-3,80;;
138571;TN0025;13/04/2019 4:27;22/06/2020 2:23;ES.09.21;-2,25;-1,69;;
141935;AR0238;15/04/2019 2:21;06/12/2020 3:33;NQ.09.21;-6;-1,82;;
86591;TL0151;15/04/2019 2:22;15/04/2019 2:36;DX.09.21; 12,00 ;-5,89;;
140387;TN0173;15/04/2019 2:22;08/01/2020 3:40;NQ.09.21;-6;-4,49;;
86628;TN0204;15/04/2019 8:34;15/04/2019 10:16;ES.09.21; 6,25 ;-0,18;;
139047;TN0062;15/04/2019 8:37;12/09/2019 10:03;NQ.09.21;-6;-3,06;;
86494;TN0173;15/04/2019 8:55;15/04/2019 9:21;NQ.09.21; 25,50 ;-3,25;;
86366;TN0025;15/04/2019 9:08;15/04/2019 10:33;ES.09.21; 6,25 ;-1,51;;
143401;TN0108;15/04/2019 18:10;10/05/2019 18:42;GC.07.21;-4;-0,41;;
86403;TN0108;15/04/2019 18:15;15/04/2019 19:00;GC.07.21; 12,00 ;-3,50;;
86453;TN0108;15/04/2019 18:34;15/04/2019 19:09;GC.07.21; 12,00 ;-2,57;;
86556;TA0104;15/04/2019 18:34;15/04/2019 19:00;GC.07.21;-4,00 ;-3,50;;
140599;TL0367;16/04/2019 10:34;05/10/2020 8:52;NQ.09.21;-6;-1,19;;
86711;TA0104;16/04/2019 18:38;16/04/2019 19:52;GC.07.21; 12,00 ;-1,36;;
139788;TN0025;17/04/2019 2:17;04/09/2020 2:43;ES.09.21;-2,25;-1,38;;
141981;TN0173;17/04/2019 2:28;01/01/2020 2:18;NQ.09.21;-6;-5,87;;
86797;TA0104;17/04/2019 8:42;17/04/2019 10:38;GC.07.21;-4,00 ;-0,05;;
86836;TA0104;17/04/2019 18:31;17/04/2019 19:46;GC.07.21; 12,00 ;-2,82;;
86870;TN0108;18/04/2019 8:37;18/04/2019 9:13;GC.07.21;-4,00 ;-0,05;;
86945;TN0204;18/04/2019 8:37;18/04/2019 9:32;ES.09.21; 6,25 ;-0,68;;
139343;TL0367;18/04/2019 9:03;24/08/2019 10:40;NQ.09.21;-6;-2,81;;
143389;TN0108;18/04/2019 10:44;null;GC.07.21;null;null;;
141823;TA0104;18/04/2019 18:34;05/01/2020 19:35;GC.07.21;-4;-3,91;;
138441;TN0173;18/04/2019 20:07;07/05/2020 18:31;NQ.09.21;-6;-2,44;;
86986;TN0062;19/04/2019 2:09;19/04/2019 3:24;NQ.09.21; 25,50 ;-0,39;;
139041;AV0171;19/04/2019 3:21;28/06/2019 2:16;ES.09.21;-2,25;-1,48;;
141986;TN0062;19/04/2019 8:47;15/09/2020 9:52;NQ.09.21;-6;-0,6;;
140290;AR0238;19/04/2019 8:52;23/03/2020 11:01;NQ.09.21;-6;-1,23;;
143396;TN0108;19/04/2019 8:53;19/04/2019 10:27;GC.07.21;-4;-3,34;;
140284;AV0171;20/04/2019 19:09;18/11/2020 18:31;ES.09.21;-2,25;-0,98;;
139782;TA0104;20/04/2019 20:17;10/06/2019 18:38;GC.07.21;-4;-2,19;;
139335;AV0171;22/04/2019 9:27;05/03/2020 8:50;ES.09.21;-2,25;-0,01;;
142344;AV0171;23/04/2019 2:27;07/08/2019 2:29;ES.09.21;-2,25;-0,19;;
87114;TN0310;23/04/2019 8:38;23/04/2019 10:06;CL.07.21; 15,00 ;-3,74;;
87027;AR0196;23/04/2019 8:58;23/04/2019 10:52;ES.09.21; 6,25 ;-2,01;;
87173;TL0367;24/04/2019 2:16;24/04/2019 19:35;NQ.09.21; 25,50 ;-1,75;;
141449;AV0171;24/04/2019 3:34;28/08/2020 2:37;ES.09.21;-2,25;-0,36;;
87361;TN0204;24/04/2019 8:42;24/04/2019 10:49;ES.09.21; 6,25 ;-0,47;;
143020;TA0056;24/04/2019 8:56;12/05/2020 10:44;NQ.09.21;-6;-2,97;;
87306;AR0238;24/04/2019 18:20;24/04/2019 19:17;NQ.09.21; 25,50 ;-4,24;;
139692;TN0025;24/04/2019 18:34;30/08/2020 19:58;ES.09.21;-2,25;-1,9;;
142036;TN0025;24/04/2019 18:34;18/08/2020 18:39;ES.09.21;-2,25;-0,35;;
87247;TN0108;24/04/2019 18:38;24/04/2019 20:21;GC.07.21; 12,00 ;-3,72;;
140060;TN0173;25/04/2019 2:23;25/03/2020 3:19;NQ.09.21;-6;-5,41;;
87437;TL0274;25/04/2019 8:32;25/04/2019 8:59;CL.07.21; 15,00 ;-3,53;;
87483;AR0238;25/04/2019 18:08;25/04/2019 19:24;NQ.09.21;-6,00 ;-2,34;;
87627;TL0151;26/04/2019 2:22;26/04/2019 3:51;DX.09.21; 12,00 ;-6,73;;
141816;TN0173;26/04/2019 2:31;06/03/2020 2:16;NQ.09.21;-6;-4,59;;
141456;TN0204;26/04/2019 8:42;09/12/2019 8:52;ES.09.21;-2,25;-0,44;;
138814;TA0056;26/04/2019 8:52;29/08/2020 8:56;NQ.09.21;-6;-1,02;;
87550;AR0238;26/04/2019 9:06;26/04/2019 9:23;NQ.09.21; 25,50 ;-0,70;;
142459;TL0151;27/04/2019 2:34;23/09/2020 2:32;DX.09.21;-8;-0,65;;
140380;TN0204;27/04/2019 3:32;06/02/2020 2:22;ES.09.21;-2,25;-0,91;;
140258;TN0025;27/04/2019 10:32;02/07/2019 8:50;ES.09.21;-2,25;-0,29;;
139687;TA0104;27/04/2019 18:52;22/04/2020 18:27;GC.07.21;-4;-0,59;;
87682;AR0196;29/04/2019 8:33;29/04/2019 8:54;ES.09.21; 6,25 ;-1,99;;
139713;AV0171;29/04/2019 9:01;05/07/2019 9:28;ES.09.21;-2,25;-1,36;;
140017;AV0171;29/04/2019 9:05;21/06/2019 10:01;ES.09.21;-2,25;-1,35;;
87952;TL0151;30/04/2019 2:17;30/04/2019 2:36;DX.09.21; 12,00 ;-3,95;;
87798;TN0025;30/04/2019 2:22;30/04/2019 10:15;ES.09.21; 6,25 ;-2,21;;
140266;TL0367;30/04/2019 2:22;07/08/2020 3:49;NQ.09.21;-6;-3,76;;
139036;TL0151;30/04/2019 2:24;01/07/2019 4:36;DX.09.21;-8;-5,66;;
139707;TL0151;30/04/2019 3:27;13/12/2019 2:37;DX.09.21;-8;-0,94;;
87867;TN0173;30/04/2019 8:32;30/04/2019 9:22;NQ.09.21;-6,00 ;-4,22;;
142475;TN0310;30/04/2019 8:37;31/12/2019 9:27;CL.07.21;-5;-0,79;;
87745;TN0310;30/04/2019 8:38;30/04/2019 10:24;CL.07.21;-5,00 ;-0,21;;
142441;TN0025;30/04/2019 8:48;24/06/2020 10:32;ES.09.21;-2,25;-0,9;;
139434;AR0196;01/05/2019 2:23;08/07/2020 3:49;ES.09.21;-2,25;-0,2;;
88014;TN0025;01/05/2019 2:27;01/05/2019 20:50;ES.09.21; 6,25 ;-1,82;;
142565;TN0173;01/05/2019 8:32;15/09/2019 9:22;NQ.09.21;-6;-5,82;;
140119;TN0310;01/05/2019 8:40;11/02/2020 8:46;CL.07.21;-5;-1,7;;
139029;AR0196;01/05/2019 9:40;31/07/2019 8:51;ES.09.21;-2,25;-0,33;;
88054;TL0274;03/05/2019 2:04;03/05/2019 10:21;CL.07.21; 15,00 ;-2,59;;
88109;TN0310;03/05/2019 2:06;03/05/2019 3:41;CL.07.21;-5,00 ;-4,16;;
140012;TN0062;03/05/2019 3:27;03/09/2019 2:18;NQ.09.21;-6;-2,85;;
142645;TA0056;03/05/2019 8:37;27/03/2020 10:25;NQ.09.21;-6;-2,9;;
143012;AR0196;03/05/2019 8:58;02/09/2020 8:42;ES.09.21;-2,25;-1,58;;
143146;TN0025;03/05/2019 8:58;18/02/2020 10:27;ES.09.21;-2,25;-1,57;;
142398;TA0104;03/05/2019 18:10;09/12/2019 18:57;GC.07.21;-4;-2,34;;
142028;TL0367;04/05/2019 4:03;20/11/2020 2:23;NQ.09.21;-6;-5,34;;
142436;TA0056;05/05/2019 9:17;10/09/2020 8:55;NQ.09.21;-6;-1,67;;
142337;AR0238;05/05/2019 10:06;26/09/2019 8:59;NQ.09.21;-6;-3,56;;
140053;TN0062;07/05/2019 2:48;18/05/2020 2:27;NQ.09.21;-6;-0,37;;
88189;AV0171;08/05/2019 2:17;08/05/2019 9:23;ES.09.21; 6,25 ;-1,77;;
88255;AV0171;08/05/2019 8:33;08/05/2019 9:10;ES.09.21; 6,25 ;-1,93;;
88323;TL0367;08/05/2019 8:40;08/05/2019 9:14;NQ.09.21;-6,00 ;-5,96;;
88406;TN0204;09/05/2019 2:27;09/05/2019 9:54;ES.09.21; 6,25 ;-0,68;;
139738;TN0108;09/05/2019 8:35;13/06/2020 8:40;GC.07.21;-4;-1,03;;
88358;TN0310;09/05/2019 8:44;09/05/2019 9:23;CL.07.21; 15,00 ;-1,53;;
88447;TA0104;09/05/2019 8:53;09/05/2019 9:19;GC.07.21; 12,00 ;-2,78;;
143409;AR0238;10/05/2019 8:55;20/10/2020 9:51;NQ.09.21;-6;-4,68;;
140112;TN0310;10/05/2019 10:33;27/05/2019 8:44;CL.07.21;-5;-2;;
88488;TN0173;10/05/2019 18:15;10/05/2019 19:40;NQ.09.21; 25,50 ;-3,04;;
139426;TN0173;11/05/2019 3:23;23/05/2019 2:18;NQ.09.21;-6;-2,88;;
140870;TL0274;13/05/2019 2:08;03/08/2019 2:56;CL.07.21;-5;-4,84;;
88549;TA0056;13/05/2019 8:34;13/05/2019 10:31;NQ.09.21;-6,00 ;-1,80;;
88643;TA0104;13/05/2019 8:53;13/05/2019 19:09;GC.07.21;-4,00 ;-2,09;;
88588;TA0056;13/05/2019 8:55;13/05/2019 9:17;NQ.09.21;-6,00 ;-5,34;;
139732;AR0196;13/05/2019 9:05;18/02/2020 8:50;ES.09.21;-2,25;-0,62;;
142391;TA0056;13/05/2019 9:37;05/07/2019 8:32;NQ.09.21;-6;-5,11;;
88744;AV0171;14/05/2019 8:34;14/05/2019 8:39;ES.09.21;-2,25 ;-1,08;;
140559;TA0104;14/05/2019 8:42;09/06/2019 10:29;GC.07.21;-4;-2,4;;
88678;TA0056;14/05/2019 8:49;14/05/2019 10:08;NQ.09.21; 25,50 ;-4,24;;
143139;TN0025;14/05/2019 10:25;24/12/2019 9:05;ES.09.21;-2,25;-0,96;;
142220;TL0274;15/05/2019 8:46;13/02/2020 8:38;CL.07.21;-5;-4,65;;
88802;TN0204;15/05/2019 8:55;15/05/2019 9:57;ES.09.21;-2,25 ;-0,67;;
140551;TN0204;15/05/2019 19:16;20/08/2020 18:31;ES.09.21;-2,25;-1,43;;
138700;TN0204;16/05/2019 8:34;01/05/2020 10:48;ES.09.21;-2,25;-0,86;;
88877;TN0108;16/05/2019 8:37;16/05/2019 9:22;GC.07.21; 12,00 ;-1,71;;
139915;TN0062;16/05/2019 9:55;05/06/2020 8:56;NQ.09.21;-6;-4,28;;
88959;AR0196;17/05/2019 2:08;17/05/2019 2:55;ES.09.21; 6,25 ;-1,08;;
89144;TN0310;17/05/2019 2:20;17/05/2019 9:17;CL.07.21;-5,00 ;-0,80;;
89087;TL0151;17/05/2019 2:37;17/05/2019 4:09;DX.09.21; 12,00 ;-5,89;;
89001;TA0056;17/05/2019 8:56;17/05/2019 9:49;NQ.09.21; 25,50 ;-1,80;;
141851;AR0238;21/05/2019 2:04;06/07/2020 2:43;NQ.09.21;-6;-3,5;;
139419;TN0204;21/05/2019 10:08;15/07/2019 9:01;ES.09.21;-2,25;-0,11;;
89230;TA0104;21/05/2019 18:31;21/05/2019 20:21;GC.07.21;-4,00 ;-0,20;;
142228;TL0151;22/05/2019 2:08;15/11/2020 2:53;DX.09.21;-8;-2,77;;
89280;TL0151;22/05/2019 2:14;22/05/2019 3:20;DX.09.21; 12,00 ;-6,42;;
89368;TN0173;22/05/2019 2:27;22/05/2019 3:04;NQ.09.21; 25,50 ;-3,84;;
89427;TN0062;22/05/2019 8:47;22/05/2019 19:40;NQ.09.21; 25,50 ;-0,70;;
141843;TN0310;22/05/2019 10:46;08/12/2020 8:32;CL.07.21;-5;-0,35;;
89474;TL0274;23/05/2019 2:15;23/05/2019 3:29;CL.07.21; 15,00 ;-3,51;;
89573;TN0025;23/05/2019 2:36;23/05/2019 10:20;ES.09.21; 6,25 ;-0,47;;
89614;TN0310;23/05/2019 8:40;23/05/2019 10:51;CL.07.21; 15,00 ;-2,37;;
142318;TN0173;23/05/2019 8:48;23/11/2020 9:22;NQ.09.21;-6;-3,08;;
142502;TN0204;23/05/2019 9:23;13/12/2019 8:40;ES.09.21;-2,25;-0,39;;
89520;TA0104;23/05/2019 18:31;23/05/2019 19:10;GC.07.21; 12,00 ;-3,28;;
89805;AR0238;24/05/2019 8:34;24/05/2019 10:31;NQ.09.21; 25,50 ;-5,61;;
89866;TN0204;24/05/2019 8:51;24/05/2019 10:37;ES.09.21; 6,25 ;-0,74;;
89672;TN0204;24/05/2019 8:55;24/05/2019 10:01;ES.09.21;-2,25 ;-2,09;;
89756;TL0367;24/05/2019 9:06;24/05/2019 9:25;NQ.09.21;-6,00 ;-5,07;;
140862;AR0238;26/05/2019 2:37;28/04/2020 2:18;NQ.09.21;-6;-1,88;;
142508;TN0173;27/05/2019 2:27;08/11/2020 3:16;NQ.09.21;-6;-0,12;;
141634;TL0274;27/05/2019 8:32;13/06/2020 10:08;CL.07.21;-5;-2,11;;
89930;TN0108;27/05/2019 8:35;27/05/2019 8:44;GC.07.21; 12,00 ;-3,46;;
140319;TL0367;27/05/2019 8:59;03/02/2020 9:01;NQ.09.21;-6;-5,43;;
140330;AR0238;27/05/2019 18:22;02/02/2020 19:46;NQ.09.21;-6;-1,73;;
140253;TN0025;28/05/2019 8:48;14/07/2019 9:21;ES.09.21;-2,25;-1,34;;
90040;TA0056;28/05/2019 8:49;28/05/2019 10:08;NQ.09.21;-6,00 ;-6,25;;
139606;TA0056;28/05/2019 18:15;02/08/2020 18:30;NQ.09.21;-6;-2,85;;
90009;TL0367;28/05/2019 18:32;28/05/2019 19:59;NQ.09.21; 25,50 ;-5,96;;
90113;TA0056;29/05/2019 2:04;29/05/2019 18:37;NQ.09.21; 25,50 ;-2,32;;
90073;AR0238;29/05/2019 9:02;29/05/2019 11:18;NQ.09.21; 25,50 ;-2,12;;
140312;TN0310;29/05/2019 10:48;09/11/2020 8:44;CL.07.21;-5;-1,93;;
139201;TN0173;29/05/2019 18:04;06/07/2020 19:03;NQ.09.21;-6;-0,36;;
141158;TN0204;30/05/2019 8:58;25/12/2019 10:17;ES.09.21;-2,25;-1,32;;
90198;TN0173;30/05/2019 9:01;30/05/2019 11:18;NQ.09.21; 25,50 ;-4,33;;
139598;AR0196;30/05/2019 10:30;15/04/2020 8:34;ES.09.21;-2,25;-0,26;;
139195;TN0173;30/05/2019 10:31;25/06/2020 9:02;NQ.09.21;-6;-3,72;;
140324;TL0367;30/05/2019 10:37;04/02/2020 8:58;NQ.09.21;-6;-2,6;;
90283;TA0056;31/05/2019 2:22;31/05/2019 19:40;NQ.09.21;-6,00 ;-5,23;;
90348;TA0056;31/05/2019 8:32;31/05/2019 9:02;NQ.09.21;-6,00 ;-6,25;;
140094;AR0196;31/05/2019 9:05;05/06/2020 9:08;ES.09.21;-2,25;-1,18;;
140245;AR0196;01/06/2019 4:18;14/08/2020 2:36;ES.09.21;-2,25;-0,1;;
142310;TA0056;01/06/2019 10:38;17/07/2019 8:34;NQ.09.21;-6;-4,83;;
140176;TA0104;01/06/2019 19:49;18/10/2019 18:06;GC.07.21;-4;-2,91;;
139618;AV0171;02/06/2019 20:42;09/07/2020 18:34;ES.09.21;-2,25;-0,43;;
90413;TN0025;03/06/2019 2:22;03/06/2019 10:22;ES.09.21; 6,25 ;-1,82;;
139978;TN0025;04/06/2019 4:44;22/10/2020 2:36;ES.09.21;-2,25;-2,17;;
90477;TN0310;04/06/2019 8:40;04/06/2019 8:45;CL.07.21;-5,00 ;-0,44;;
90517;TL0367;04/06/2019 8:40;04/06/2019 20:08;NQ.09.21; 25,50 ;-5,96;;
90857;TN0204;05/06/2019 2:14;05/06/2019 8:54;ES.09.21;-2,25 ;-2,21;;
90688;TL0151;05/06/2019 2:22;05/06/2019 2:58;DX.09.21; 12,00 ;-1,24;;
90775;TL0367;05/06/2019 8:44;05/06/2019 9:17;NQ.09.21; 25,50 ;-2,34;;
142169;AV0171;05/06/2019 8:55;08/08/2019 8:42;ES.09.21;-2,25;-1,12;;
139623;TL0367;05/06/2019 8:58;16/12/2020 8:59;NQ.09.21;-6;-2,48;;
90643;AR0196;05/06/2019 9:01;05/06/2019 20:35;ES.09.21; 6,25 ;-2,09;;
90583;TA0104;05/06/2019 18:38;05/06/2019 19:47;GC.07.21;-4,00 ;-0,05;;
140106;TL0151;06/06/2019 3:20;07/02/2020 2:14;DX.09.21;-8;-3,43;;
141152;TL0151;07/06/2019 4:03;23/10/2020 2:08;DX.09.21;-8;-3,56;;
90889;TL0367;07/06/2019 8:32;07/06/2019 19:40;NQ.09.21;-6,00 ;-3,04;;
142177;TL0367;07/06/2019 9:01;26/07/2020 9:02;NQ.09.21;-6;-5,01;;
138791;AR0238;07/06/2019 18:18;29/09/2019 19:10;NQ.09.21;-6;-4,24;;
138786;TL0274;09/06/2019 10:02;16/03/2020 9:04;CL.07.21;-5;-4,94;;
90950;AV0171;10/06/2019 2:04;10/06/2019 2:39;ES.09.21; 6,25 ;-0,77;;
141199;AR0238;10/06/2019 8:52;09/09/2020 9:36;NQ.09.21;-6;-4,47;;
140086;TN0025;10/06/2019 9:39;02/07/2019 8:35;ES.09.21;-2,25;-1,88;;
140766;TA0056;10/06/2019 18:31;14/07/2020 19:57;NQ.09.21;-6;-1,68;;
90994;TN0025;11/06/2019 2:22;11/06/2019 2:29;ES.09.21; 6,25 ;-1,70;;
140564;TN0173;11/06/2019 2:27;28/12/2019 3:45;NQ.09.21;-6;-5,74;;
141796;TL0151;12/06/2019 2:08;22/09/2019 2:51;DX.09.21;-8;-7,95;;
91250;TN0025;12/06/2019 8:36;12/06/2019 9:07;ES.09.21;-2,25 ;-1,93;;
91043;TA0104;12/06/2019 8:42;12/06/2019 10:50;GC.07.21; 12,00 ;-0,42;;
91155;TN0204;12/06/2019 8:42;12/06/2019 10:50;ES.09.21; 6,25 ;-1,92;;
91320;TN0062;12/06/2019 8:46;12/06/2019 19:40;NQ.09.21;-6,00 ;-1,19;;
91217;TL0274;12/06/2019 9:04;12/06/2019 9:31;CL.07.21; 15,00 ;-3,72;;
139777;TL0274;12/06/2019 10:24;24/06/2019 8:43;CL.07.21;-5;-0,8;;
91105;TN0173;12/06/2019 18:04;12/06/2019 20:08;NQ.09.21;-6,00 ;-3,41;;
91187;TL0367;12/06/2019 18:05;12/06/2019 20:07;NQ.09.21;-6,00 ;-0,58;;
142956;TA0056;12/06/2019 18:15;22/09/2020 19:19;NQ.09.21;-6;-4,94;;
141943;TL0367;12/06/2019 19:24;27/11/2020 18:23;NQ.09.21;-6;-3,93;;
142183;TN0173;12/06/2019 20:15;31/07/2020 18:08;NQ.09.21;-6;-1,21;;
140761;AR0238;12/06/2019 20:39;29/12/2020 18:33;NQ.09.21;-6;-0,24;;
142950;AR0196;12/06/2019 20:40;11/07/2019 18:31;ES.09.21;-2,25;-1,53;;
141950;TL0367;13/06/2019 8:32;06/07/2019 10:42;NQ.09.21;-6;-3,25;;
141526;TL0274;13/06/2019 8:51;29/06/2019 10:00;CL.07.21;-5;-1,9;;
138524;TN0062;13/06/2019 10:53;10/12/2020 8:46;NQ.09.21;-6;-4,73;;
91356;TL0367;13/06/2019 18:15;13/06/2019 20:09;NQ.09.21; 25,50 ;-4,30;;
91535;TL0151;14/06/2019 2:08;14/06/2019 3:56;DX.09.21; 12,00 ;-6,73;;
91485;TN0062;14/06/2019 2:16;14/06/2019 19:57;NQ.09.21; 25,50 ;-2,75;;
91408;TL0367;14/06/2019 18:15;14/06/2019 19:01;NQ.09.21; 25,50 ;-0,85;;
139679;TN0062;14/06/2019 18:23;06/05/2020 19:14;NQ.09.21;-6;-3,81;;
139674;AR0238;15/06/2019 2:43;10/12/2020 2:09;NQ.09.21;-6;-3,34;;
142688;TN0173;16/06/2019 9:44;19/12/2019 8:51;NQ.09.21;-6;-3,68;;
91734;AR0238;17/06/2019 8:44;17/06/2019 9:47;NQ.09.21; 25,50 ;-2,34;;
91783;TA0056;17/06/2019 8:46;17/06/2019 9:35;NQ.09.21; 25,50 ;-1,74;;
91609;TA0056;17/06/2019 9:06;17/06/2019 9:15;NQ.09.21; 25,50 ;-3,13;;
91650;AR0238;17/06/2019 9:06;17/06/2019 10:30;NQ.09.21;-6,00 ;-5,38;;
141789;AR0238;17/06/2019 20:15;17/11/2020 18:32;NQ.09.21;-6;-1,91;;
138653;TN0204;18/06/2019 2:37;12/02/2020 3:18;ES.09.21;-2,25;-2,19;;
140218;AR0196;18/06/2019 2:53;06/02/2020 2:08;ES.09.21;-2,25;-0,2;;
138835;TN0204;18/06/2019 8:36;13/08/2020 8:44;ES.09.21;-2,25;-0,36;;
142696;TN0204;18/06/2019 8:37;29/09/2020 10:44;ES.09.21;-2,25;-0,55;;
91929;TL0274;18/06/2019 8:40;18/06/2019 10:45;CL.07.21;-5,00 ;-2,29;;
91816;AR0238;18/06/2019 8:44;18/06/2019 9:13;NQ.09.21;-6,00 ;-3,74;;
141554;TN0025;18/06/2019 8:48;03/04/2020 10:57;ES.09.21;-2,25;-1,89;;
139240;TN0025;18/06/2019 8:49;04/12/2020 10:06;ES.09.21;-2,25;-0,84;;
91855;TN0062;18/06/2019 8:56;18/06/2019 10:08;NQ.09.21;-6,00 ;-4,56;;
138529;AR0238;18/06/2019 8:59;21/01/2020 9:52;NQ.09.21;-6;-4,58;;
91975;TL0367;19/06/2019 8:52;19/06/2019 20:05;NQ.09.21; 25,50 ;-4,50;;
140035;TL0367;19/06/2019 10:30;09/12/2019 8:51;NQ.09.21;-6;-5,42;;
141519;TN0173;19/06/2019 19:17;31/07/2019 18:08;NQ.09.21;-6;-0,61;;
140353;TN0310;20/06/2019 4:14;27/11/2019 2:15;CL.07.21;-5;-2,69;;
143493;TA0056;20/06/2019 4:21;09/12/2019 2:21;NQ.09.21;-6;-4,74;;
140908;TN0108;20/06/2019 9:01;27/04/2020 11:06;GC.07.21;-4;-3,15;;
92006;AV0171;20/06/2019 9:06;20/06/2019 9:13;ES.09.21; 6,25 ;-2,09;;
92038;TN0204;21/06/2019 2:08;21/06/2019 10:49;ES.09.21; 6,25 ;-0,82;;
141193;AR0196;21/06/2019 3:59;29/10/2019 2:36;ES.09.21;-2,25;-0,31;;
139830;TN0204;21/06/2019 8:40;22/07/2020 9:11;ES.09.21;-2,25;-0,67;;
141955;AR0196;21/06/2019 8:44;11/08/2019 9:08;ES.09.21;-2,25;-0,78;;
141371;TL0274;23/06/2019 9:34;21/09/2020 8:45;CL.07.21;-5;-1,64;;
139770;AR0196;23/06/2019 9:56;12/12/2019 8:55;ES.09.21;-2,25;-0,6;;
92141;TN0025;24/06/2019 2:08;24/06/2019 9:04;ES.09.21; 6,25 ;-0,67;;
139141;TN0173;24/06/2019 2:09;09/06/2020 3:17;NQ.09.21;-6;-0,46;;
139135;AR0238;24/06/2019 3:22;21/08/2019 2:09;NQ.09.21;-6;-3,27;;
92198;TN0204;24/06/2019 8:44;24/06/2019 9:28;ES.09.21; 6,25 ;-1,51;;
92074;AR0238;24/06/2019 18:23;24/06/2019 19:35;NQ.09.21; 25,50 ;-0,58;;
92238;TL0274;25/06/2019 2:18;25/06/2019 10:27;CL.07.21; 15,00 ;-3,72;;
92297;TA0056;25/06/2019 8:34;25/06/2019 10:51;NQ.09.21;-6,00 ;-1,74;;
140656;TN0173;25/06/2019 8:51;13/07/2020 10:24;NQ.09.21;-6;-2,52;;
92346;TL0151;26/06/2019 2:17;26/06/2019 4:06;DX.09.21; 12,00 ;-3,95;;
143162;TN0173;26/06/2019 3:09;25/05/2020 2:16;NQ.09.21;-6;-2,17;;
140649;TL0367;26/06/2019 3:44;15/10/2019 2:36;NQ.09.21;-6;-0,49;;
140022;AR0238;26/06/2019 9:02;01/09/2020 9:50;NQ.09.21;-6;-4,5;;
142940;TN0204;27/06/2019 2:08;02/01/2020 2:32;ES.09.21;-2,25;0;;
141531;AV0171;27/06/2019 8:35;null;ES.09.21;null;null;;
92428;AR0196;27/06/2019 8:38;27/06/2019 20:35;ES.09.21; 6,25 ;-1,30;;
92512;AV0171;27/06/2019 8:44;27/06/2019 9:01;ES.09.21; 6,25 ;-1,98;;
92545;TN0173;27/06/2019 8:55;27/06/2019 9:02;NQ.09.21;-6,00 ;-1,75;;
139524;AV0171;27/06/2019 9:01;09/01/2020 10:16;ES.09.21;-2,25;-0,3;;
140881;TN0025;27/06/2019 18:31;03/03/2020 20:39;ES.09.21;-2,25;-0,28;;
143275;AR0196;27/06/2019 18:34;06/12/2020 19:01;ES.09.21;-2,25;-0,03;;
141546;TN0204;28/06/2019 4:10;21/09/2020 2:23;ES.09.21;-2,25;-2,12;;
92622;AR0196;28/06/2019 9:04;28/06/2019 9:10;ES.09.21;-2,25 ;-1,64;;
140903;TN0108;28/06/2019 20:17;17/12/2019 18:34;GC.07.21;-4;-0,48;;
138956;AR0238;29/06/2019 2:51;01/07/2020 2:18;NQ.09.21;-6;-2,94;;
142935;AV0171;29/06/2019 11:02;11/02/2020 8:50;ES.09.21;-2,25;-1,29;;
139233;TA0104;29/06/2019 20:14;02/10/2019 18:06;GC.07.21;-4;-3,64;;
143254;TN0025;30/06/2019 3:58;09/09/2020 2:08;ES.09.21;-2,25;-1,85;;
92822;TL0151;01/07/2019 2:22;01/07/2019 3:51;DX.09.21; 12,00 ;-3,95;;
92895;TL0367;01/07/2019 2:23;01/07/2019 9:14;NQ.09.21;-6,00 ;-5,44;;
92705;TA0056;01/07/2019 8:52;01/07/2019 10:57;NQ.09.21; 25,50 ;-0,90;;
92769;TL0367;01/07/2019 8:55;01/07/2019 10:47;NQ.09.21; 25,50 ;-1,88;;
140369;TN0204;02/07/2019 8:38;26/08/2020 9:15;ES.09.21;-2,25;-1,48;;
138962;TN0173;02/07/2019 9:02;14/08/2020 10:58;NQ.09.21;-6;-2,99;;
92941;TA0056;02/07/2019 9:03;02/07/2019 9:58;NQ.09.21; 25,50 ;-0,39;;
140576;TA0104;02/07/2019 18:06;null;GC.07.21;null;null;;
93018;TN0204;03/07/2019 8:32;03/07/2019 9:32;ES.09.21;-2,25 ;-0,68;;
93055;TL0367;03/07/2019 8:37;03/07/2019 9:49;NQ.09.21;-6,00 ;-3,74;;
140570;TN0062;03/07/2019 8:50;19/12/2019 8:44;NQ.09.21;-6;-1,5;;
140875;TN0204;03/07/2019 8:58;23/07/2019 8:57;ES.09.21;-2,25;-1,83;;
93116;TL0274;04/07/2019 2:06;04/07/2019 2:44;CL.07.21; 15,00 ;-2,11;;
139825;TN0025;04/07/2019 10:29;20/05/2020 8:38;ES.09.21;-2,25;-0,69;;
93309;TL0151;05/07/2019 2:25;05/07/2019 4:06;DX.09.21; 12,00 ;-1,24;;
142092;TN0310;05/07/2019 8:38;null;CL.07.21;null;null;;
93264;TN0173;05/07/2019 8:52;05/07/2019 9:13;NQ.09.21;-6,00 ;-4,56;;
140636;TN0108;05/07/2019 8:53;21/04/2020 9:09;GC.07.21;-4;-0,42;;
93148;TN0310;05/07/2019 8:57;05/07/2019 9:07;CL.07.21; 15,00 ;-3,83;;
93214;AV0171;05/07/2019 9:01;05/07/2019 10:56;ES.09.21; 6,25 ;-0,54;;
142113;AV0171;05/07/2019 18:34;12/09/2020 19:59;ES.09.21;-2,25;-0,46;;
139517;TN0310;07/07/2019 2:13;05/05/2020 2:04;CL.07.21;-5;-3,3;;
140079;TN0204;07/07/2019 3:31;24/11/2020 2:22;ES.09.21;-2,25;-1,17;;
93470;TL0274;08/07/2019 2:15;08/07/2019 3:49;CL.07.21; 15,00 ;-2,29;;
93617;TN0025;08/07/2019 8:36;08/07/2019 10:15;ES.09.21; 6,25 ;-1,51;;
93544;TN0062;08/07/2019 8:37;08/07/2019 9:59;NQ.09.21; 25,50 ;-1,19;;
141408;TL0367;08/07/2019 9:01;22/08/2020 10:16;NQ.09.21;-6;-2,38;;
93386;TN0062;08/07/2019 18:23;08/07/2019 20:29;NQ.09.21;-6,00 ;-0,70;;
143432;AV0171;10/07/2019 8:35;27/04/2020 9:25;ES.09.21;-2,25;-1,19;;
93679;AR0238;10/07/2019 8:37;10/07/2019 10:46;NQ.09.21;-6,00 ;-2,75;;
141770;AV0171;10/07/2019 8:57;08/03/2020 8:58;ES.09.21;-2,25;-1,44;;
93745;TA0056;10/07/2019 9:02;10/07/2019 10:12;NQ.09.21;-6,00 ;-3,74;;
93813;TN0173;10/07/2019 18:31;10/07/2019 19:21;NQ.09.21; 25,50 ;-2,86;;
141475;AV0171;11/07/2019 2:33;09/08/2019 2:16;ES.09.21;-2,25;-1,05;;
93925;TN0204;11/07/2019 8:34;11/07/2019 9:51;ES.09.21; 6,25 ;-2,21;;
93873;TN0108;11/07/2019 8:42;11/07/2019 9:43;GC.07.21; 12,00 ;-0,42;;
142087;TN0173;11/07/2019 10:14;08/01/2020 8:55;NQ.09.21;-6;-1,94;;
94051;TL0151;12/07/2019 2:03;12/07/2019 2:23;DX.09.21; 12,00 ;-3,46;;
142376;TN0173;12/07/2019 2:16;22/12/2019 3:04;NQ.09.21;-6;-2,42;;
142970;TA0056;12/07/2019 2:23;05/06/2020 4:04;NQ.09.21;-6;-2,72;;
93997;TN0108;12/07/2019 18:10;12/07/2019 18:13;GC.07.21; 12,00 ;-3,46;;
143097;TL0274;13/07/2019 3:11;19/12/2019 2:15;CL.07.21;-5;-3,89;;
141403;TA0056;13/07/2019 10:13;14/05/2020 8:46;NQ.09.21;-6;-0,34;;
142964;TN0108;13/07/2019 19:40;11/09/2020 18:29;GC.07.21;-4;-3,1;;
138462;TN0062;14/07/2019 3:19;03/03/2020 2:27;NQ.09.21;-6;-5,4;;
143104;AR0196;15/07/2019 2:04;14/05/2020 4:09;ES.09.21;-2,25;-0,4;;
143092;TL0367;15/07/2019 2:08;20/12/2019 2:42;NQ.09.21;-6;-1,6;;
94288;TL0151;15/07/2019 2:17;15/07/2019 3:16;DX.09.21; 12,00 ;-6,96;;
94151;TN0062;15/07/2019 8:34;15/07/2019 9:43;NQ.09.21;-6,00 ;-1,08;;
94436;TA0104;15/07/2019 8:35;15/07/2019 9:19;GC.07.21;-4,00 ;-1,86;;
140833;TL0274;15/07/2019 8:43;16/04/2020 10:03;CL.07.21;-5;-4,65;;
94355;TN0310;15/07/2019 8:56;15/07/2019 10:38;CL.07.21; 15,00 ;-3,83;;
94226;AR0238;15/07/2019 8:58;15/07/2019 9:00;NQ.09.21; 25,50 ;-4,24;;
94391;AR0238;15/07/2019 18:18;15/07/2019 18:35;NQ.09.21;-6,00 ;-5,65;;
94096;TN0173;15/07/2019 18:20;15/07/2019 18:25;NQ.09.21;-6,00 ;-5,65;;
142383;TN0062;15/07/2019 19:51;10/12/2019 18:06;NQ.09.21;-6;-1,01;;
141650;TA0056;16/07/2019 2:09;12/01/2021 2:33;NQ.09.21;-6;-1,63;;
140139;AR0238;16/07/2019 2:21;null;NQ.09.21;null;null;;
142945;TL0274;16/07/2019 3:46;25/12/2019 2:08;CL.07.21;-5;-2,67;;
94500;AV0171;16/07/2019 8:38;16/07/2019 8:42;ES.09.21;-2,25 ;-0,47;;
94573;AV0171;16/07/2019 8:38;16/07/2019 9:11;ES.09.21;-2,25 ;-1,99;;
141482;AR0238;16/07/2019 8:44;18/08/2020 10:05;NQ.09.21;-6;-0,35;;
140711;AV0171;16/07/2019 8:55;30/08/2020 10:21;ES.09.21;-2,25;-0,69;;
142671;AR0238;17/07/2019 2:08;11/09/2020 2:47;NQ.09.21;-6;-3,82;;
94722;TN0204;17/07/2019 2:36;17/07/2019 9:23;ES.09.21;-2,25 ;-0,47;;
141762;TL0367;17/07/2019 8:43;26/03/2020 8:40;NQ.09.21;-6;-1,43;;
94643;TA0104;17/07/2019 18:10;17/07/2019 19:34;GC.07.21; 12,00 ;-3,28;;
142303;TA0104;17/07/2019 20:26;01/11/2019 18:15;GC.07.21;-4;-2,63;;
140134;TN0173;18/07/2019 18:57;06/07/2020 18:18;NQ.09.21;-6;-1,95;;
142369;AR0196;19/07/2019 10:50;14/10/2020 8:53;ES.09.21;-2,25;-0,07;;
143086;TL0367;21/07/2019 11:15;09/07/2020 9:03;NQ.09.21;-6;-5,39;;
140706;AR0238;21/07/2019 19:00;30/09/2020 18:33;NQ.09.21;-6;-3,32;;
141645;TN0025;22/07/2019 9:22;18/03/2020 8:35;ES.09.21;-2,25;-0,52;;
94778;TL0151;23/07/2019 2:08;23/07/2019 3:41;DX.09.21; 12,00 ;-3,95;;
94869;TN0062;24/07/2019 2:09;24/07/2019 2:20;NQ.09.21; 25,50 ;-3,25;;
94906;AR0196;24/07/2019 2:16;24/07/2019 9:01;ES.09.21; 6,25 ;-1,51;;
143425;TN0204;24/07/2019 2:55;04/09/2020 2:22;ES.09.21;-2,25;-0,13;;
94831;TN0310;24/07/2019 8:43;24/07/2019 8:44;CL.07.21; 15,00 ;-3,74;;
94943;TL0274;24/07/2019 8:55;24/07/2019 11:08;CL.07.21; 15,00 ;-2,29;;
141296;TN0062;24/07/2019 8:59;06/01/2021 10:54;NQ.09.21;-6;-4,2;;
95108;TL0367;25/07/2019 2:23;25/07/2019 10:31;NQ.09.21; 25,50 ;-1,19;;
94989;TA0056;25/07/2019 8:52;25/07/2019 9:25;NQ.09.21;-6,00 ;-2,75;;
95024;TN0025;25/07/2019 9:04;25/07/2019 10:01;ES.09.21;-2,25 ;-0,77;;
95158;TN0025;25/07/2019 9:08;25/07/2019 10:37;ES.09.21; 6,25 ;-1,51;;
95215;TA0104;26/07/2019 8:42;26/07/2019 19:09;GC.07.21; 12,00 ;-1,36;;
142665;TL0367;26/07/2019 20:03;29/10/2019 18:20;NQ.09.21;-6;-3,78;;
141514;AR0238;27/07/2019 10:19;03/08/2020 8:47;NQ.09.21;-6;-4,61;;
139413;TN0173;28/07/2019 19:13;21/12/2020 18:04;NQ.09.21;-6;-4,42;;
141685;TA0056;28/07/2019 19:47;16/01/2020 18:18;NQ.09.21;-6;-3,45;;
142797;TN0310;29/07/2019 8:34;20/11/2020 8:57;CL.07.21;-5;-3,81;;
142726;TL0367;29/07/2019 8:49;20/05/2020 9:54;NQ.09.21;-6;-3,21;;
95282;TN0204;29/07/2019 8:51;29/07/2019 10:29;ES.09.21; 6,25 ;-1,06;;
140156;TN0025;29/07/2019 8:52;11/10/2019 8:42;ES.09.21;-2,25;-2,01;;
140669;TA0104;30/07/2019 8:45;04/11/2019 9:32;GC.07.21;-4;-2,48;;
95460;TN0108;30/07/2019 8:53;30/07/2019 9:22;GC.07.21; 12,00 ;-1,86;;
140234;TN0108;30/07/2019 8:53;19/10/2020 10:47;GC.07.21;-4;-0,25;;
95386;TL0274;30/07/2019 8:55;30/07/2019 8:59;CL.07.21; 15,00 ;-2,59;;
95339;TN0173;30/07/2019 18:08;30/07/2019 19:53;NQ.09.21; 25,50 ;-4,22;;
141122;AV0171;31/07/2019 2:23;11/01/2020 3:57;ES.09.21;-2,25;-0,7;;
140161;AR0238;31/07/2019 2:36;08/08/2019 4:14;NQ.09.21;-6;-1,1;;
95497;TL0274;31/07/2019 8:32;31/07/2019 10:34;CL.07.21; 15,00 ;-0,69;;
139024;AR0196;31/07/2019 9:12;30/09/2019 9:05;ES.09.21;-2,25;-0,08;;
95558;TL0367;01/08/2019 2:17;01/08/2019 9:10;NQ.09.21; 25,50 ;-3,15;;
139764;TN0310;01/08/2019 8:51;16/12/2019 11:00;CL.07.21;-5;-3,45;;
142718;AV0171;01/08/2019 10:56;25/11/2019 9:08;ES.09.21;-2,25;-1,08;;
140661;TN0108;04/08/2019 19:54;30/06/2020 18:31;GC.07.21;-4;-2,41;;
95719;TN0025;05/08/2019 2:23;05/08/2019 2:29;ES.09.21;-2,25 ;-0,77;;
95668;TN0173;05/08/2019 2:36;05/08/2019 18:37;NQ.09.21;-6,00 ;-1,34;;
95626;TA0104;05/08/2019 8:42;05/08/2019 20:16;GC.07.21;-4,00 ;-0,42;;
95770;TA0104;06/08/2019 18:31;06/08/2019 20:00;GC.07.21; 12,00 ;-2,78;;
95873;TL0367;07/08/2019 2:17;07/08/2019 10:31;NQ.09.21; 25,50 ;-4,50;;
95912;TL0151;07/08/2019 2:17;07/08/2019 2:23;DX.09.21; 12,00 ;-3,95;;
143246;TN0025;07/08/2019 8:36;19/09/2020 10:20;ES.09.21;-2,25;-0,78;;
95819;TN0108;07/08/2019 8:45;07/08/2019 19:29;GC.07.21;-4,00 ;-1,71;;
140169;AR0238;07/08/2019 9:03;29/10/2019 10:21;NQ.09.21;-6;-3,91;;
138685;AR0196;07/08/2019 10:21;31/12/2019 8:53;ES.09.21;-2,25;-0,6;;
142350;AR0238;08/08/2019 2:21;23/05/2020 3:22;NQ.09.21;-6;-1,11;;
141469;TN0062;08/08/2019 3:35;23/12/2020 2:17;NQ.09.21;-6;-0,97;;
95963;TN0025;08/08/2019 8:49;08/08/2019 10:07;ES.09.21; 6,25 ;-0,77;;
139757;AR0238;08/08/2019 10:05;09/09/2019 8:34;NQ.09.21;-6;-2,89;;
96009;TN0204;08/08/2019 18:31;08/08/2019 20:53;ES.09.21;-2,25 ;-0,54;;
141616;TN0108;08/08/2019 19:02;08/04/2020 18:15;GC.07.21;-4;-0,86;;
142823;AV0171;09/08/2019 2:22;25/03/2020 2:59;ES.09.21;-2,25;-0,73;;
141960;TN0173;09/08/2019 8:34;04/01/2020 10:04;NQ.09.21;-6;-2,9;;
96171;AR0196;09/08/2019 8:42;09/08/2019 9:54;ES.09.21;-2,25 ;-0,66;;
96090;TN0108;09/08/2019 18:15;09/08/2019 20:20;GC.07.21; 12,00 ;-3,72;;
143111;TA0104;11/08/2019 9:02;11/05/2020 8:53;GC.07.21;-4;-2,76;;
142791;AR0238;11/08/2019 10:15;20/12/2019 8:51;NQ.09.21;-6;-5,9;;
141115;TA0104;12/08/2019 9:48;23/09/2019 8:42;GC.07.21;-4;-2,07;;
142815;TN0108;13/08/2019 9:12;15/09/2020 8:37;GC.07.21;-4;-3,06;;
96318;TL0151;14/08/2019 2:22;14/08/2019 2:36;DX.09.21; 12,00 ;-6,42;;
96218;TL0367;14/08/2019 8:37;14/08/2019 10:08;NQ.09.21;-6,00 ;-3,25;;
96285;TL0274;14/08/2019 8:55;14/08/2019 10:04;CL.07.21;-5,00 ;-2,29;;
96371;TN0062;15/08/2019 2:09;15/08/2019 9:52;NQ.09.21;-6,00 ;-0,11;;
96469;TL0151;15/08/2019 2:14;15/08/2019 2:36;DX.09.21; 12,00 ;-2,39;;
142162;TA0056;15/08/2019 3:17;16/03/2020 2:16;NQ.09.21;-6;-4,79;;
142126;TN0204;15/08/2019 3:29;04/12/2020 2:04;ES.09.21;-2,25;-1,26;;
142154;TN0310;15/08/2019 8:51;13/03/2020 10:01;CL.07.21;-5;-0,11;;
96430;TL0367;15/08/2019 18:06;15/08/2019 19:48;NQ.09.21; 25,50 ;-3,49;;
96545;TN0108;15/08/2019 18:14;15/08/2019 18:44;GC.07.21;-4,00 ;-0,20;;
141436;TN0108;15/08/2019 18:27;21/11/2020 18:55;GC.07.21;-4;-3,47;;
96585;TL0151;16/08/2019 2:22;16/08/2019 3:16;DX.09.21; 12,00 ;-5,89;;
139631;TL0367;17/08/2019 18:52;09/12/2020 18:18;NQ.09.21;-6;-2,83;;
96694;AR0196;19/08/2019 8:49;19/08/2019 20:50;ES.09.21; 6,25 ;-1,33;;
96768;TN0025;19/08/2019 8:55;19/08/2019 9:29;ES.09.21;-2,25 ;-1,59;;
96632;AR0238;19/08/2019 8:58;19/08/2019 9:36;NQ.09.21;-6,00 ;-4,61;;
139883;AR0238;19/08/2019 11:01;13/02/2020 8:59;NQ.09.21;-6;-2,95;;
139127;TL0367;20/08/2019 3:13;21/08/2019 2:17;NQ.09.21;-6;-3,68;;
96890;TN0062;21/08/2019 18:08;21/08/2019 20:17;NQ.09.21;-6,00 ;-2,13;;
96826;TN0062;21/08/2019 18:22;21/08/2019 20:20;NQ.09.21; 25,50 ;-5,65;;
97005;TN0108;22/08/2019 8:47;22/08/2019 18:44;GC.07.21; 12,00 ;-1,71;;
96964;TN0310;22/08/2019 8:56;22/08/2019 10:09;CL.07.21;-5,00 ;-0,21;;
97141;TL0151;23/08/2019 2:03;23/08/2019 4:06;DX.09.21;-8,00 ;-3,46;;
142786;TL0367;23/08/2019 2:18;26/12/2019 2:38;NQ.09.21;-6;-3,91;;
139888;AR0238;23/08/2019 9:03;16/08/2020 9:52;NQ.09.21;-6;-2,09;;
97065;TA0056;23/08/2019 18:33;23/08/2019 19:10;NQ.09.21; 25,50 ;-1,74;;
139122;TA0056;24/08/2019 9:41;27/07/2020 8:55;NQ.09.21;-6;-5,95;;
143070;TN0025;25/08/2019 4:11;03/12/2020 2:14;ES.09.21;-2,25;-0,26;;
97210;TL0274;26/08/2019 2:08;26/08/2019 8:51;CL.07.21;-5,00 ;-0,80;;
142658;TN0062;26/08/2019 8:51;29/10/2019 10:12;NQ.09.21;-6;-4,56;;
97261;TL0274;26/08/2019 8:57;26/08/2019 10:38;CL.07.21; 15,00 ;-0,21;;
142148;TN0108;26/08/2019 10:26;12/11/2019 8:47;GC.07.21;-4;-1,29;;
138848;TN0173;26/08/2019 18:05;20/04/2020 20:09;NQ.09.21;-6;-0,17;;
138840;TA0056;27/08/2019 19:25;05/08/2020 18:33;NQ.09.21;-6;-3,45;;
97349;TN0108;28/08/2019 8:35;28/08/2019 10:28;GC.07.21; 12,00 ;-3,46;;
142810;AV0171;28/08/2019 8:42;16/09/2020 9:48;ES.09.21;-2,25;-0,87;;
143078;AR0238;28/08/2019 8:44;12/07/2020 8:47;NQ.09.21;-6;-0,69;;
139351;TN0062;29/08/2019 2:17;15/01/2020 4:13;NQ.09.21;-6;-2,12;;
139054;AR0196;29/08/2019 8:37;03/12/2019 9:32;ES.09.21;-2,25;-0,28;;
141430;TN0025;29/08/2019 9:09;04/10/2019 9:06;ES.09.21;-2,25;-1,61;;
97383;TN0025;29/08/2019 18:31;29/08/2019 20:16;ES.09.21; 6,25 ;-1,93;;
97430;TL0151;30/08/2019 2:14;30/08/2019 2:23;DX.09.21; 12,00 ;-2,39;;
142805;AV0171;01/09/2019 9:40;17/11/2020 8:50;ES.09.21;-2,25;-1,12;;
97597;TA0104;03/09/2019 8:53;03/09/2019 18:44;GC.07.21; 12,00 ;-1,36;;
139327;AV0171;03/09/2019 8:55;13/03/2020 10:44;ES.09.21;-2,25;-1,92;;
97513;TN0062;03/09/2019 9:03;03/09/2019 10:30;NQ.09.21; 25,50 ;-3,41;;
97652;TA0056;04/09/2019 8:55;04/09/2019 10:36;NQ.09.21; 25,50 ;-1,75;;
139504;TN0173;04/09/2019 8:58;26/12/2020 9:33;NQ.09.21;-6;-4,72;;
97786;TL0151;05/09/2019 2:32;05/09/2019 3:51;DX.09.21; 12,00 ;-3,95;;
141032;TN0310;05/09/2019 2:32;31/01/2020 2:04;CL.07.21;-5;-0,19;;
139146;AR0196;05/09/2019 3:19;11/06/2020 2:08;ES.09.21;-2,25;-1,24;;
142570;TL0274;05/09/2019 8:33;20/12/2019 9:21;CL.07.21;-5;-1,18;;
140750;TL0274;05/09/2019 9:47;11/10/2019 8:34;CL.07.21;-5;-4,18;;
97701;TN0108;05/09/2019 18:38;05/09/2019 19:00;GC.07.21; 12,00 ;-0,05;;
140756;TL0151;06/09/2019 2:02;01/01/2021 2:27;DX.09.21;-8;-1,33;;
97929;TN0025;06/09/2019 2:08;06/09/2019 10:12;ES.09.21; 6,25 ;-1,51;;
142287;TN0062;06/09/2019 2:18;10/03/2020 3:32;NQ.09.21;-6;-2,51;;
139496;AR0238;06/09/2019 3:08;17/06/2020 2:08;NQ.09.21;-6;-4,36;;
141039;AR0238;06/09/2019 8:44;22/01/2020 10:11;NQ.09.21;-6;-4,41;;
97859;TN0173;06/09/2019 8:46;06/09/2019 20:18;NQ.09.21;-6,00 ;-6,25;;
97892;TA0056;06/09/2019 8:46;06/09/2019 10:08;NQ.09.21; 25,50 ;-1,19;;
142651;TN0204;06/09/2019 8:57;23/03/2020 8:36;ES.09.21;-2,25;-1,85;;
141992;TN0310;07/09/2019 2:21;03/09/2020 2:18;CL.07.21;-5;-0,91;;
140978;AV0171;07/09/2019 10:30;08/01/2020 8:38;ES.09.21;-2,25;-1,69;;
140801;TN0062;07/09/2019 18:30;13/08/2020 18:15;NQ.09.21;-6;-0,39;;
97966;TL0367;09/09/2019 9:03;09/09/2019 9:33;NQ.09.21; 25,50 ;-3,25;;
142281;TA0056;09/09/2019 9:49;14/12/2020 9:01;NQ.09.21;-6;-2,15;;
141884;TL0367;09/09/2019 18:18;10/01/2021 18:38;NQ.09.21;-6;-3,4;;
98054;TN0062;10/09/2019 2:16;10/09/2019 18:47;NQ.09.21; 25,50 ;-0,58;;
142908;AR0238;10/09/2019 8:37;15/12/2020 10:04;NQ.09.21;-6;-3,6;;
142900;TN0025;11/09/2019 4:14;09/10/2020 2:36;ES.09.21;-2,25;-0,26;;
143028;AV0171;11/09/2019 9:15;27/04/2020 8:44;ES.09.21;-2,25;-1,44;;
140005;TN0204;11/09/2019 10:48;20/05/2020 8:50;ES.09.21;-2,25;-0,56;;
98126;TL0151;12/09/2019 2:22;12/09/2019 3:16;DX.09.21; 12,00 ;-0,52;;
98169;TN0108;12/09/2019 18:15;12/09/2019 20:24;GC.07.21; 12,00 ;-2,82;;
143033;TN0310;13/09/2019 2:06;null;CL.07.21;null;null;;
139313;AR0196;13/09/2019 8:33;23/10/2019 8:54;ES.09.21;-2,25;-0,02;;
98248;TN0025;13/09/2019 9:05;13/09/2019 10:14;ES.09.21; 6,25 ;-1,56;;
139321;TA0056;13/09/2019 9:25;18/10/2019 9:02;NQ.09.21;-6;-4,68;;
141803;TN0025;16/09/2019 2:08;04/10/2019 2:55;ES.09.21;-2,25;-1,84;;
98300;AR0196;16/09/2019 9:06;16/09/2019 20:35;ES.09.21; 6,25 ;-0,37;;
139749;TL0274;16/09/2019 10:21;25/11/2019 8:55;CL.07.21;-5;-1,99;;
98337;TA0104;16/09/2019 18:14;16/09/2019 20:20;GC.07.21;-4,00 ;-2,78;;
98376;AR0238;17/09/2019 8:40;17/09/2019 19:57;NQ.09.21;-6,00 ;-0,39;;
141680;TL0367;17/09/2019 18:32;null;NQ.09.21;null;null;;
98480;AV0171;18/09/2019 2:04;18/09/2019 9:10;ES.09.21; 6,25 ;-1,51;;
98684;AR0196;18/09/2019 8:34;18/09/2019 8:50;ES.09.21; 6,25 ;-1,51;;
98622;TN0310;18/09/2019 8:40;18/09/2019 9:24;CL.07.21; 15,00 ;-0,59;;
98542;TN0204;18/09/2019 8:55;18/09/2019 9:28;ES.09.21; 6,25 ;-0,18;;
98428;TL0367;18/09/2019 18:15;18/09/2019 19:48;NQ.09.21; 25,50 ;-4,65;;
141674;TA0056;19/09/2019 9:26;13/02/2020 8:32;NQ.09.21;-6;-4,19;;
143001;AV0171;23/09/2019 2:37;14/12/2020 4:10;ES.09.21;-2,25;-1,5;;
142922;TN0204;23/09/2019 8:34;21/04/2020 10:03;ES.09.21;-2,25;-0,59;;
98766;TN0204;23/09/2019 8:42;23/09/2019 9:56;ES.09.21;-2,25 ;-1,93;;
98885;AR0238;23/09/2019 18:20;23/09/2019 20:16;NQ.09.21;-6,00 ;-0,85;;
98954;TA0056;23/09/2019 18:22;23/09/2019 18:37;NQ.09.21; 25,50 ;-1,75;;
98804;AR0238;23/09/2019 18:23;23/09/2019 19:03;NQ.09.21; 25,50 ;-2,89;;
99013;TA0104;23/09/2019 18:27;23/09/2019 19:44;GC.07.21;-4,00 ;-1,27;;
141110;AR0196;24/09/2019 2:14;02/03/2020 2:04;ES.09.21;-2,25;-1,41;;
142332;TA0056;24/09/2019 9:56;21/07/2020 8:59;NQ.09.21;-6;-3,43;;
142914;TA0056;25/09/2019 3:53;15/12/2020 2:17;NQ.09.21;-6;-1,24;;
99102;TN0108;25/09/2019 8:45;25/09/2019 9:13;GC.07.21;-4,00 ;-0,41;;
139408;AR0196;25/09/2019 8:58;22/12/2020 10:18;ES.09.21;-2,25;-1,58;;
99190;TN0204;26/09/2019 8:48;26/09/2019 10:49;ES.09.21; 6,25 ;-0,77;;
140497;TL0151;28/09/2019 2:56;01/04/2020 2:22;DX.09.21;-8;-0,49;;
140505;AR0238;30/09/2019 18:08;21/04/2020 20:04;NQ.09.21;-6;-5,98;;
143519;TN0062;30/09/2019 18:18;21/05/2020 20:15;NQ.09.21;-6;-1,82;;
99226;TA0104;30/09/2019 18:29;30/09/2019 18:38;GC.07.21;-4,00 ;-2,78;;
99266;AV0171;01/10/2019 2:17;01/10/2019 4:20;ES.09.21; 6,25 ;-1,82;;
138796;AV0171;01/10/2019 9:05;05/01/2021 9:18;ES.09.21;-2,25;-1,65;;
139403;TN0310;01/10/2019 10:33;15/07/2020 8:51;CL.07.21;-5;-4,05;;
99498;TN0204;02/10/2019 2:37;02/10/2019 10:07;ES.09.21;-2,25 ;-1,99;;
99409;TN0310;02/10/2019 8:43;02/10/2019 10:34;CL.07.21;-5,00 ;-2,37;;
99339;TN0310;02/10/2019 8:45;02/10/2019 10:38;CL.07.21; 15,00 ;-0,69;;
138915;TL0367;02/10/2019 8:51;07/07/2020 10:17;NQ.09.21;-6;-2,82;;
99299;TN0062;02/10/2019 8:55;02/10/2019 10:06;NQ.09.21; 25,50 ;-3,41;;
142625;TA0056;02/10/2019 9:11;30/12/2019 8:44;NQ.09.21;-6;-3,2;;
99574;TL0367;03/10/2019 18:06;03/10/2019 18:56;NQ.09.21;-6,00 ;-1,77;;
142994;TN0173;04/10/2019 3:15;22/12/2020 2:08;NQ.09.21;-6;-4,11;;
99695;TN0310;04/10/2019 8:57;04/10/2019 9:04;CL.07.21; 15,00 ;-4,16;;
99612;AR0196;04/10/2019 9:05;04/10/2019 9:14;ES.09.21; 6,25 ;-1,23;;
140968;AR0238;04/10/2019 18:31;19/02/2020 19:52;NQ.09.21;-6;-1,29;;
138907;TN0062;06/10/2019 2:38;04/11/2020 2:16;NQ.09.21;-6;-1,14;;
140922;TL0274;06/10/2019 9:33;25/06/2020 8:32;CL.07.21;-5;-4,22;;
99796;TN0310;07/10/2019 2:08;07/10/2019 2:54;CL.07.21;-5,00 ;-0,69;;
99726;TL0367;07/10/2019 8:56;07/10/2019 18:47;NQ.09.21;-6,00 ;-4,22;;
138488;TN0173;08/10/2019 2:36;09/10/2019 3:13;NQ.09.21;-6;-0,31;;
141027;TL0367;08/10/2019 2:36;10/02/2020 4:08;NQ.09.21;-6;-2,1;;
100016;TN0025;08/10/2019 8:51;08/10/2019 9:32;ES.09.21; 6,25 ;-1,51;;
100194;AR0238;08/10/2019 8:51;08/10/2019 19:57;NQ.09.21;-6,00 ;-5,34;;
99934;TN0062;08/10/2019 8:52;08/10/2019 10:46;NQ.09.21;-6,00 ;-2,13;;
100142;TN0173;08/10/2019 8:52;08/10/2019 9:12;NQ.09.21;-6,00 ;-3,15;;
99849;TN0025;08/10/2019 9:01;08/10/2019 10:10;ES.09.21; 6,25 ;-1,51;;
100072;TN0062;08/10/2019 18:31;08/10/2019 18:32;NQ.09.21; 25,50 ;-3,41;;
141809;TN0173;09/10/2019 2:09;04/03/2020 2:37;NQ.09.21;-6;-0,69;;
100436;TL0151;09/10/2019 2:24;09/10/2019 3:51;DX.09.21; 12,00 ;-0,52;;
100355;TN0025;09/10/2019 8:58;09/10/2019 11:09;ES.09.21; 6,25 ;-2,21;;
100506;AR0196;09/10/2019 9:02;09/10/2019 9:05;ES.09.21; 6,25 ;-2,21;;
100288;TL0367;09/10/2019 9:03;09/10/2019 19:48;NQ.09.21; 25,50 ;-2,34;;
100257;TN0108;09/10/2019 18:27;09/10/2019 18:38;GC.07.21; 12,00 ;-1,86;;
100560;TN0204;10/10/2019 2:04;10/10/2019 10:16;ES.09.21; 6,25 ;-0,47;;
100601;TA0104;10/10/2019 9:01;10/10/2019 9:43;GC.07.21; 12,00 ;-0,05;;
143512;TN0173;11/10/2019 2:30;null;NQ.09.21;null;null;;
100776;TN0062;11/10/2019 8:44;11/10/2019 9:23;NQ.09.21; 25,50 ;-3,25;;
138483;TN0025;11/10/2019 10:22;02/03/2020 9:02;ES.09.21;-2,25;-0,06;;
100718;TN0108;11/10/2019 18:29;11/10/2019 19:01;GC.07.21; 12,00 ;-3,28;;
100662;TA0104;11/10/2019 18:34;11/10/2019 20:17;GC.07.21; 12,00 ;-2,09;;
141422;TN0025;13/10/2019 9:55;14/01/2020 9:01;ES.09.21;-2,25;-0,44;;
100965;TL0151;14/10/2019 2:02;14/10/2019 3:56;DX.09.21; 12,00 ;-3,95;;
100906;TL0274;14/10/2019 2:08;14/10/2019 8:59;CL.07.21; 15,00 ;-1,21;;
101050;AV0171;14/10/2019 2:08;14/10/2019 8:51;ES.09.21; 6,25 ;-1,68;;
100846;AR0196;14/10/2019 9:08;14/10/2019 11:24;ES.09.21;-2,25 ;-0,68;;
141735;TN0025;14/10/2019 9:59;30/12/2020 8:33;ES.09.21;-2,25;-1,89;;
101155;TN0204;15/10/2019 2:08;15/10/2019 9:32;ES.09.21; 6,25 ;-1,82;;
101102;TN0062;15/10/2019 8:32;15/10/2019 9:13;NQ.09.21; 25,50 ;-4,61;;
101237;TN0204;16/10/2019 8:37;16/10/2019 9:54;ES.09.21; 6,25 ;-1,93;;
101365;TN0025;16/10/2019 8:38;16/10/2019 10:29;ES.09.21; 6,25 ;-1,81;;
140961;TN0310;16/10/2019 8:59;19/11/2019 8:51;CL.07.21;-5;-2,56;;
101445;TN0173;16/10/2019 18:05;16/10/2019 18:50;NQ.09.21;-6,00 ;-0,50;;
141742;TN0062;16/10/2019 18:22;19/09/2020 18:27;NQ.09.21;-6;-2,24;;
101299;TL0367;16/10/2019 18:32;16/10/2019 19:46;NQ.09.21; 25,50 ;-4,33;;
140641;AR0196;17/10/2019 20:44;17/04/2020 18:34;ES.09.21;-2,25;-0,85;;
101517;TN0108;18/10/2019 8:42;18/10/2019 10:38;GC.07.21;-4,00 ;-2,78;;
101642;AR0196;18/10/2019 8:48;18/10/2019 9:29;ES.09.21; 6,25 ;-0,37;;
143369;TA0056;18/10/2019 8:51;19/08/2020 10:47;NQ.09.21;-6;-3,64;;
101591;AR0196;18/10/2019 18:31;18/10/2019 19:57;ES.09.21;-2,25 ;-1,56;;
101682;AV0171;21/10/2019 2:16;21/10/2019 2:39;ES.09.21;-2,25 ;-2,09;;
101882;TN0204;23/10/2019 8:36;23/10/2019 10:07;ES.09.21; 6,25 ;-1,33;;
140674;TN0310;23/10/2019 8:55;11/11/2020 9:40;CL.07.21;-5;-3,93;;
101803;TN0025;23/10/2019 8:58;23/10/2019 10:42;ES.09.21; 6,25 ;-1,70;;
101741;TN0173;23/10/2019 18:31;23/10/2019 18:41;NQ.09.21;-6,00 ;-2,13;;
143343;TA0056;23/10/2019 18:33;08/11/2020 20:18;NQ.09.21;-6;-2,57;;
140742;TN0310;24/10/2019 3:17;17/04/2020 2:06;CL.07.21;-5;-4,82;;
101989;TN0025;25/10/2019 2:22;25/10/2019 10:49;ES.09.21; 6,25 ;-0,51;;
101930;TN0204;25/10/2019 8:44;25/10/2019 9:18;ES.09.21; 6,25 ;-0,47;;
140725;TA0056;25/10/2019 8:44;null;NQ.09.21;null;null;;
143181;TN0062;25/10/2019 9:06;15/02/2020 9:26;NQ.09.21;-6;-0,83;;
143337;AR0196;26/10/2019 9:22;18/08/2020 8:53;ES.09.21;-2,25;-1,87;;
141910;AR0238;28/10/2019 8:42;27/07/2020 8:37;NQ.09.21;-6;-1,44;;
139491;AV0171;29/10/2019 8:32;14/06/2020 10:06;ES.09.21;-2,25;-0,1;;
102133;TA0056;29/10/2019 8:37;29/10/2019 9:47;NQ.09.21;-6,00 ;-0,85;;
102020;AR0238;29/10/2019 9:03;29/10/2019 19:35;NQ.09.21; 25,50 ;-6,25;;
102095;TN0062;29/10/2019 18:22;29/10/2019 18:47;NQ.09.21;-6,00 ;-4,30;;
138925;AR0196;30/10/2019 8:37;03/01/2021 10:28;ES.09.21;-2,25;-1,02;;
102166;TN0204;30/10/2019 8:58;30/10/2019 10:15;ES.09.21; 6,25 ;-1,33;;
140450;TN0025;30/10/2019 8:58;04/01/2020 9:38;ES.09.21;-2,25;-1,09;;
143460;TA0056;30/10/2019 9:56;23/12/2019 8:34;NQ.09.21;-6;-1,52;;
142068;AV0171;30/10/2019 10:18;25/09/2020 8:35;ES.09.21;-2,25;-0,56;;
141249;TN0062;30/10/2019 18:18;24/06/2020 19:46;NQ.09.21;-6;-1,84;;
102333;AV0171;31/10/2019 2:08;31/10/2019 3:09;ES.09.21; 6,25 ;-0,82;;
102240;TN0062;31/10/2019 2:36;31/10/2019 10:42;NQ.09.21;-6,00 ;-6,25;;
102302;TN0025;31/10/2019 8:55;31/10/2019 10:29;ES.09.21;-2,25 ;-1,59;;
143465;TA0104;31/10/2019 18:27;23/06/2020 19:35;GC.07.21;-4;-2,18;;
102197;TA0104;31/10/2019 18:38;31/10/2019 19:36;GC.07.21; 12,00 ;-3,55;;
102407;AR0196;01/11/2019 2:23;01/11/2019 10:49;ES.09.21; 6,25 ;-0,09;;
143354;AV0171;01/11/2019 2:37;10/07/2020 4:18;ES.09.21;-2,25;-2,01;;
142073;TN0025;01/11/2019 8:44;17/03/2020 9:19;ES.09.21;-2,25;-0,8;;
142739;TN0173;01/11/2019 8:46;null;NQ.09.21;null;null;;
141185;TA0056;01/11/2019 9:03;15/07/2020 8:46;NQ.09.21;-6;-3,57;;
140443;TN0062;01/11/2019 20:20;04/12/2020 18:15;NQ.09.21;-6;-0,84;;
142295;AR0238;02/11/2019 19:17;06/03/2020 18:05;NQ.09.21;-6;-5,61;;
141256;TN0025;03/11/2019 9:05;23/06/2020 8:53;ES.09.21;-2,25;-1,63;;
139484;AR0196;03/11/2019 9:07;04/12/2020 8:55;ES.09.21;-2,25;-0,45;;
141242;AR0196;03/11/2019 9:29;28/08/2020 9:04;ES.09.21;-2,25;-0,36;;
102493;AR0196;04/11/2019 2:36;04/11/2019 9:43;ES.09.21;-2,25 ;-1,82;;
138920;TL0367;04/11/2019 3:50;02/07/2020 2:08;NQ.09.21;-6;-3;;
140071;AV0171;04/11/2019 8:42;26/11/2020 10:43;ES.09.21;-2,25;-2,09;;
143348;AV0171;04/11/2019 10:47;26/10/2020 8:35;ES.09.21;-2,25;-1,3;;
140718;TN0108;04/11/2019 10:58;01/09/2020 8:47;GC.07.21;-4;-3,12;;
102688;TN0062;05/11/2019 8:32;05/11/2019 19:46;NQ.09.21; 25,50 ;-2,32;;
102559;AV0171;05/11/2019 8:44;05/11/2019 10:49;ES.09.21;-2,25 ;-1,10;;
102639;TN0173;05/11/2019 9:02;05/11/2019 10:29;NQ.09.21; 25,50 ;-2,75;;
102751;TN0310;06/11/2019 2:08;06/11/2019 8:51;CL.07.21;-5,00 ;-0,92;;
140066;TL0274;06/11/2019 3:05;13/03/2020 2:06;CL.07.21;-5;-1,17;;
102865;TN0025;06/11/2019 8:44;06/11/2019 20:53;ES.09.21; 6,25 ;-1,99;;
102795;TN0062;06/11/2019 8:59;06/11/2019 9:48;NQ.09.21; 25,50 ;-4,22;;
102978;AR0238;07/11/2019 2:09;07/11/2019 9:34;NQ.09.21;-6,00 ;-2,89;;
103056;AR0196;07/11/2019 2:36;07/11/2019 9:54;ES.09.21; 6,25 ;-1,81;;
103091;AR0196;07/11/2019 8:38;07/11/2019 9:54;ES.09.21; 6,25 ;-1,93;;
141507;TA0056;07/11/2019 8:58;04/08/2020 9:20;NQ.09.21;-6;-5,24;;
102947;TN0025;07/11/2019 18:34;07/11/2019 20:04;ES.09.21;-2,25 ;-1,93;;
140341;AR0196;11/11/2019 18:52;null;ES.09.21;null;null;;
142734;AV0171;11/11/2019 19:30;13/05/2020 18:31;ES.09.21;-2,25;-0,27;;
103141;TL0367;12/11/2019 8:46;12/11/2019 9:29;NQ.09.21; 25,50 ;-2,12;;
103230;TN0204;12/11/2019 8:49;12/11/2019 10:20;ES.09.21; 6,25 ;-1,82;;
103291;TN0025;12/11/2019 8:53;12/11/2019 9:36;ES.09.21; 6,25 ;-1,10;;
140773;TN0310;13/11/2019 10:33;17/07/2020 8:38;CL.07.21;-5;-3,29;;
103327;TN0108;13/11/2019 18:34;13/11/2019 18:45;GC.07.21; 12,00 ;-3,55;;
103400;TL0151;15/11/2019 2:25;15/11/2019 2:58;DX.09.21;-8,00 ;-2,39;;
140347;AR0238;15/11/2019 8:52;08/12/2019 10:32;NQ.09.21;-6;-0,69;;
103482;TA0056;15/11/2019 8:58;15/11/2019 9:10;NQ.09.21;-6,00 ;-6,25;;
139959;TN0062;16/11/2019 2:53;06/03/2020 2:16;NQ.09.21;-6;-5,6;;
141207;TN0062;16/11/2019 20:11;01/09/2020 18:22;NQ.09.21;-6;-5,46;;
103543;AR0196;18/11/2019 8:42;18/11/2019 20:53;ES.09.21; 6,25 ;-0,64;;
140778;TA0056;18/11/2019 18:31;31/12/2019 19:26;NQ.09.21;-6;-4,68;;
103626;TN0310;19/11/2019 2:04;19/11/2019 10:06;CL.07.21; 15,00 ;-3,74;;
103574;TL0274;19/11/2019 8:45;19/11/2019 9:56;CL.07.21;-5,00 ;-0,27;;
140851;TN0025;19/11/2019 10:28;30/01/2020 8:37;ES.09.21;-2,25;-1,07;;
143041;TL0274;20/11/2019 2:15;29/09/2020 2:53;CL.07.21;-5;-0,23;;
140857;AR0196;20/11/2019 2:36;09/05/2020 3:37;ES.09.21;-2,25;-2,2;;
103748;AV0171;20/11/2019 8:44;20/11/2019 10:50;ES.09.21; 6,25 ;-0,51;;
103680;TN0025;20/11/2019 8:49;20/11/2019 10:28;ES.09.21; 6,25 ;-1,98;;
103803;AV0171;21/11/2019 8:51;21/11/2019 10:31;ES.09.21;-2,25 ;-0,51;;
139966;TN0173;21/11/2019 18:04;26/02/2020 18:39;NQ.09.21;-6;0;;
103853;AV0171;22/11/2019 2:23;22/11/2019 9:36;ES.09.21;-2,25 ;-0,47;;
142744;TN0310;22/11/2019 8:34;06/01/2020 9:18;CL.07.21;-5;-3,64;;
103909;TN0310;25/11/2019 8:45;25/11/2019 10:27;CL.07.21; 15,00 ;-1,25;;
143226;TN0025;25/11/2019 10:46;24/01/2020 8:51;ES.09.21;-2,25;-2,08;;
103988;TA0104;25/11/2019 18:29;25/11/2019 18:31;GC.07.21; 12,00 ;-3,46;;
139799;TL0367;25/11/2019 18:31;18/06/2020 18:59;NQ.09.21;-6;-2,76;;
143374;TN0108;26/11/2019 18:49;11/08/2020 18:15;GC.07.21;-4;-1,36;;
142214;AR0196;27/11/2019 2:16;24/02/2020 3:38;ES.09.21;-2,25;-0,93;;
104053;TL0274;27/11/2019 8:43;27/11/2019 8:59;CL.07.21; 15,00 ;-1,15;;
139061;TN0025;27/11/2019 8:48;13/12/2020 10:53;ES.09.21;-2,25;-1,53;;
141461;AR0238;27/11/2019 8:51;01/01/2021 10:09;NQ.09.21;-6;-1,17;;
104132;TA0104;27/11/2019 18:38;27/11/2019 19:29;GC.07.21;-4,00 ;-0,41;;
104162;TN0108;28/11/2019 9:01;28/11/2019 20:20;GC.07.21;-4,00 ;-1,71;;
104227;TN0062;28/11/2019 18:18;28/11/2019 18:24;NQ.09.21; 25,50 ;-3,84;;
143382;TN0310;29/11/2019 8:43;21/01/2020 8:45;CL.07.21;-5;-4,69;;
104281;TN0173;29/11/2019 8:59;29/11/2019 9:00;NQ.09.21;-6,00 ;-5,23;;
104364;AR0238;29/11/2019 9:03;29/11/2019 19:40;NQ.09.21;-6,00 ;-3,13;;
140953;AV0171;29/11/2019 9:17;13/08/2020 8:40;ES.09.21;-2,25;-0,37;;
142061;TL0367;29/11/2019 18:06;29/09/2020 19:40;NQ.09.21;-6;-0,41;;
139743;TN0025;30/11/2019 4:20;04/06/2020 2:36;ES.09.21;-2,25;-0,89;;
141604;AV0171;01/12/2019 9:54;01/05/2020 8:37;ES.09.21;-2,25;-0,12;;
104605;TN0310;02/12/2019 2:08;02/12/2019 9:17;CL.07.21; 15,00 ;-3,72;;
138587;TN0204;02/12/2019 8:32;28/08/2020 9:38;ES.09.21;-2,25;-2,05;;
104471;AV0171;02/12/2019 8:34;02/12/2019 10:22;ES.09.21; 6,25 ;-0,77;;
141610;TA0104;02/12/2019 8:37;09/04/2020 9:19;GC.07.21;-4;-2,41;;
104517;TL0367;02/12/2019 8:55;02/12/2019 10:00;NQ.09.21;-6,00 ;-3,80;;
104426;TA0056;02/12/2019 8:58;02/12/2019 20:08;NQ.09.21; 25,50 ;-3,13;;
140301;TN0062;02/12/2019 18:06;22/05/2020 19:47;NQ.09.21;-6;-2,73;;
142242;TL0151;03/12/2019 2:17;23/09/2020 4:20;DX.09.21;-8;-5,9;;
104765;TL0367;03/12/2019 2:21;03/12/2019 9:00;NQ.09.21; 25,50 ;-1,34;;
140296;TN0108;03/12/2019 10:02;24/03/2020 8:35;GC.07.21;-4;-1,1;;
139794;TN0062;03/12/2019 18:19;02/09/2020 18:18;NQ.09.21;-6;-2,05;;
104723;AR0238;03/12/2019 18:23;03/12/2019 18:56;NQ.09.21; 25,50 ;-4,65;;
104653;TN0108;03/12/2019 18:31;03/12/2019 18:40;GC.07.21; 12,00 ;-2,78;;
105011;TN0204;04/12/2019 2:08;04/12/2019 9:56;ES.09.21; 6,25 ;-1,77;;
104847;TN0310;04/12/2019 2:15;04/12/2019 3:49;CL.07.21; 15,00 ;-3,53;;
104933;TL0151;04/12/2019 2:37;04/12/2019 2:58;DX.09.21; 12,00 ;-6,73;;
105042;TN0025;04/12/2019 9:05;04/12/2019 9:54;ES.09.21; 6,25 ;-1,23;;
142513;AR0196;04/12/2019 9:08;02/11/2020 8:34;ES.09.21;-2,25;-2,03;;
142208;TN0108;04/12/2019 9:22;02/11/2020 9:01;GC.07.21;-4;-0,96;;
142521;TN0173;05/12/2019 2:09;10/10/2020 2:36;NQ.09.21;-6;-5,62;;
105101;TN0025;05/12/2019 8:55;05/12/2019 9:45;ES.09.21; 6,25 ;-1,06;;
105162;TL0274;06/12/2019 2:08;06/12/2019 2:44;CL.07.21;-5,00 ;-4,16;;
105294;AR0238;06/12/2019 9:02;06/12/2019 18:47;NQ.09.21;-6,00 ;-5,34;;
141006;AR0196;06/12/2019 9:51;10/06/2020 9:04;ES.09.21;-2,25;-0,72;;
105215;TN0062;06/12/2019 18:08;06/12/2019 18:12;NQ.09.21;-6,00 ;-0,58;;
142235;TL0151;08/12/2019 2:53;19/11/2020 2:03;DX.09.21;-8;-6,23;;
105379;TL0274;09/12/2019 2:20;09/12/2019 3:14;CL.07.21;-5,00 ;-2,59;;
105415;TN0310;09/12/2019 8:51;09/12/2019 11:02;CL.07.21; 15,00 ;-4,16;;
139270;TA0056;09/12/2019 18:20;13/10/2020 18:41;NQ.09.21;-6;-2,51;;
140030;TL0274;10/12/2019 3:31;28/08/2020 2:15;CL.07.21;-5;-2,93;;
142981;AR0238;10/12/2019 8:59;05/06/2020 10:36;NQ.09.21;-6;-4,17;;
105487;TL0274;10/12/2019 9:04;10/12/2019 10:27;CL.07.21;-5,00 ;-3,69;;
105550;TN0173;10/12/2019 18:23;10/12/2019 19:14;NQ.09.21; 25,50 ;-4,30;;
105665;TL0274;11/12/2019 2:04;11/12/2019 9:04;CL.07.21;-5,00 ;-2,37;;
139168;TL0367;11/12/2019 2:27;05/11/2020 2:57;NQ.09.21;-6;-3,16;;
105593;AR0238;11/12/2019 8:55;11/12/2019 9:47;NQ.09.21; 25,50 ;-5,61;;
142055;TA0056;11/12/2019 10:35;25/06/2020 8:55;NQ.09.21;-6;-2,43;;
142575;AR0238;12/12/2019 2:18;22/03/2020 3:59;NQ.09.21;-6;-5,42;;
105803;TA0056;12/12/2019 8:56;12/12/2019 11:02;NQ.09.21; 25,50 ;-0,03;;
105741;AV0171;12/12/2019 8:58;12/12/2019 10:29;ES.09.21;-2,25 ;-2,09;;
139700;TN0310;12/12/2019 9:51;03/09/2020 8:34;CL.07.21;-5;-4,22;;
105837;TL0151;13/12/2019 2:22;13/12/2019 3:20;DX.09.21; 12,00 ;-0,52;;
139262;AV0171;13/12/2019 10:35;25/03/2020 8:37;ES.09.21;-2,25;-0,97;;
138582;TL0274;15/12/2019 3:47;16/04/2020 2:04;CL.07.21;-5;-4,78;;
106075;TL0367;16/12/2019 2:18;16/12/2019 18:47;NQ.09.21; 25,50 ;-3,15;;
105990;AV0171;16/12/2019 8:32;16/12/2019 9:36;ES.09.21; 6,25 ;-1,61;;
105937;TN0108;16/12/2019 8:42;16/12/2019 20:21;GC.07.21;-4,00 ;-1,61;;
105877;TA0104;16/12/2019 18:06;16/12/2019 19:29;GC.07.21; 12,00 ;-0,05;;
106157;TL0367;17/12/2019 2:04;17/12/2019 9:17;NQ.09.21;-6,00 ;-5,34;;
106214;AR0196;17/12/2019 8:53;17/12/2019 10:49;ES.09.21;-2,25 ;-1,23;;
140796;TN0025;17/12/2019 9:06;24/08/2020 11:05;ES.09.21;-2,25;-0,89;;
142975;TN0204;18/12/2019 2:16;04/06/2020 2:04;ES.09.21;-2,25;-1,85;;
106248;TN0025;18/12/2019 8:58;18/12/2019 10:44;ES.09.21; 6,25 ;-0,18;;
106309;TN0108;18/12/2019 18:14;18/12/2019 18:44;GC.07.21; 12,00 ;-3,50;;
106398;TN0173;19/12/2019 2:36;19/12/2019 9:00;NQ.09.21;-6,00 ;-4,33;;
106528;AV0171;19/12/2019 8:42;19/12/2019 9:43;ES.09.21; 6,25 ;-0,09;;
106442;AR0238;19/12/2019 9:06;19/12/2019 11:18;NQ.09.21;-6,00 ;-6,25;;
140783;TN0204;19/12/2019 18:31;26/11/2020 19:01;ES.09.21;-2,25;-0,33;;
106622;TN0173;20/12/2019 2:08;20/12/2019 19:35;NQ.09.21;-6,00 ;-1,68;;
140336;AV0171;20/12/2019 2:52;27/01/2020 2:23;ES.09.21;-2,25;-1,29;;
143288;TN0025;20/12/2019 4:22;31/01/2020 2:23;ES.09.21;-2,25;-1,45;;
106574;TN0173;20/12/2019 8:56;20/12/2019 9:47;NQ.09.21; 25,50 ;-3,80;;
138514;TA0056;20/12/2019 18:18;30/11/2020 20:21;NQ.09.21;-6;-0,17;;
142682;TN0173;21/12/2019 20:20;26/10/2020 18:18;NQ.09.21;-6;-3,38;;
106835;TL0151;23/12/2019 2:37;23/12/2019 3:16;DX.09.21; 12,00 ;-6,73;;
141163;TN0310;23/12/2019 8:40;06/09/2020 9:15;CL.07.21;-5;-3,53;;
106747;TN0025;23/12/2019 8:53;23/12/2019 9:57;ES.09.21; 6,25 ;-1,70;;
106672;TA0056;23/12/2019 18:31;23/12/2019 19:04;NQ.09.21; 25,50 ;-5,61;;
106953;AR0238;23/12/2019 18:32;23/12/2019 18:37;NQ.09.21;-6,00 ;-0,58;;
106865;TN0062;23/12/2019 18:33;23/12/2019 19:40;NQ.09.21;-6,00 ;-1,68;;
107039;TN0025;24/12/2019 2:04;24/12/2019 3:31;ES.09.21; 6,25 ;-1,56;;
107223;TN0204;24/12/2019 2:08;24/12/2019 2:29;ES.09.21;-2,25 ;-0,51;;
107097;TN0204;24/12/2019 2:14;24/12/2019 8:50;ES.09.21;-2,25 ;-1,92;;
142599;TA0056;24/12/2019 8:44;26/09/2020 10:55;NQ.09.21;-6;-1,24;;
107160;AR0238;24/12/2019 8:52;24/12/2019 9:23;NQ.09.21; 25,50 ;-3,05;;
107255;TL0151;25/12/2019 2:02;25/12/2019 2:23;DX.09.21; 12,00 ;-6,96;;
107297;TL0274;25/12/2019 2:06;25/12/2019 2:22;CL.07.21; 15,00 ;-3,83;;
107386;TN0173;25/12/2019 2:18;25/12/2019 3:41;NQ.09.21;-6,00 ;-5,44;;
140788;TL0367;26/12/2019 11:14;18/11/2020 9:03;NQ.09.21;-6;-4,07;;
140896;TN0173;27/12/2019 2:37;10/09/2020 2:08;NQ.09.21;-6;-2,54;;
107442;TN0108;27/12/2019 8:47;27/12/2019 9:19;GC.07.21;-4,00 ;-0,09;;
141968;TA0056;27/12/2019 8:59;20/09/2020 9:57;NQ.09.21;-6;-5,09;;
139530;AR0196;27/12/2019 9:04;17/12/2020 11:17;ES.09.21;-2,25;-2,19;;
107526;TN0025;27/12/2019 18:34;27/12/2019 20:12;ES.09.21; 6,25 ;-1,61;;
143132;TL0367;28/12/2019 8:39;22/12/2020 8:37;NQ.09.21;-6;-3,47;;
138507;AR0196;28/12/2019 9:27;17/04/2020 8:40;ES.09.21;-2,25;-1,95;;
138426;AV0171;28/12/2019 10:12;17/09/2020 8:40;ES.09.21;-2,25;-0,86;;
138887;AV0171;29/12/2019 10:53;18/02/2020 9:04;ES.09.21;-2,25;-1,79;;
107630;AR0196;30/12/2019 2:08;30/12/2019 20:50;ES.09.21; 6,25 ;-0,47;;
138861;TA0056;30/12/2019 2:27;null;NQ.09.21;null;null;;
107561;TA0056;30/12/2019 9:01;30/12/2019 10:49;NQ.09.21; 25,50 ;-1,75;;
142536;TA0056;30/12/2019 18:33;27/11/2020 20:45;NQ.09.21;-6;-0,45;;
138894;TL0274;31/12/2019 2:10;06/07/2020 3:56;CL.07.21;-5;-3,3;;
139283;TN0173;31/12/2019 2:27;08/06/2020 4:28;NQ.09.21;-6;-3,63;;
138434;TN0062;31/12/2019 8:40;02/05/2020 10:11;NQ.09.21;-6;-0,46;;
107699;AR0196;31/12/2019 8:51;31/12/2019 9:54;ES.09.21;-2,25 ;-2,09;;
142752;TN0204;31/12/2019 9:08;27/05/2020 10:05;ES.09.21;-2,25;-1,11;;
140394;TA0104;31/12/2019 18:06;31/10/2020 18:42;GC.07.21;-4;-2,26;;
;;;;;;;;
;;;;;;;;
;;;;;;;;
;;;;;;;;
;;;;;;;;
;;;;;;;;
;;;;;;;;
;;;;;;;;
;;;;;;;;
;;;;;;;;
;;;;;;;;
;;;;;;;;
;;;;;;;;
;;;;;;;;
;;;;;;;;
;;;;;;;;
;;;;;;;;
;;;;;;;;
;;;;;;;;
;;;;;;;;
;;;;;;;;
;;;;;;;;
;;;;;;;;
;;;;;;;;
;;;;;;;;
;;;;;;;;
;;;;;;;;
;;;;;;;;
;;;;;;;;
;;;;;;;;
;;;;;;;;
;;;;;;;;
;;;;;;;;
;;;;;;;;
;;;;;;;;
;;;;;;;;
;;;;;;;;
;;;;;;;;
;;;;;;;;
;;;;;;;;
;;;;;;;;
;;;;;;;;
;;;;;;;;
;;;;;;;;
;;;;;;;;
;;;;;;;;
;;;;;;;;
;;;;;;;;
;;;;;;;;
;;;;;;;;
;;;;;;;;
;;;;;;;;
;;;;;;;;
;;;;;;;;
;;;;;;;;
;;;;;;;;
;;;;;;;;
;;;;;;;;
;;;;;;;;
;;;;;;;;
;;;;;;;;
;;;;;;;;
;;;;;;;;
;;;;;;;;
;;;;;;;;
;;;;;;;;
;;;;;;;;
;;;;;;;;
;;;;;;;;
;;;;;;;;
;;;;;;;;
;;;;;;;;
;;;;;;;;
;;;;;;;;
;;;;;;;;
;;;;;;;;
;;;;;;;;
;;;;;;;;
;;;;;;;;
;;;;;;;;
;;;;;;;;
;;;;;;;;
;;;;;;;;
;;;;;;;;
;;;;;;;;
;;;;;;;;
;;;;;;;;
;;;;;;;;
;;;;;;;;
;;;;;;;;
;;;;;;;;
;;;;;;;;
;;;;;;;;
;;;;;;;;
;;;;;;;;
;;;;;;;;
;;;;;;;;
;;;;;;;;
;;;;;;;;
;;;;;;;;
;;;;;;;;
;;;;;;;;
;;;;;;;;
;;;;;;;;
;;;;;;;;
;;;;;;;;
;;;;;;;;
;;;;;;;;
;;;;;;;;
;;;;;;;;
;;;;;;;;
;;;;;;;;
;;;;;;;;
;;;;;;;;
;;;;;;;;
;;;;;;;;
;;;;;;;;
;;;;;;;;
;;;;;;;;
;;;;;;;;
;;;;;;;;
;;;;;;;;
;;;;;;;;
;;;;;;;;
;;;;;;;;
;;;;;;;;
;;;;;;;;
;;;;;;;;
;;;;;;;;
;;;;;;;;
;;;;;;;;
;;;;;;;;
;;;;;;;;
;;;;;;;;
;;;;;;;;
;;;;;;;;
;;;;;;;;
;;;;;;;;
;;;;;;;;
;;;;;;;;
;;;;;;;;
;;;;;;;;
;;;;;;;;
;;;;;;;;
;;;;;;;;
;;;;;;;;
;;;;;;;;
;;;;;;;;
;;;;;;;;
;;;;;;;;
;;;;;;;;
;;;;;;;;
;;;;;;;;
;;;;;;;;
;;;;;;;;
;;;;;;;;
;;;;;;;;
;;;;;;;;
;;;;;;;;
;;;;;;;;
;;;;;;;;
;;;;;;;;
;;;;;;;;
;;;;;;;;
;;;;;;;;
;;;;;;;;
;;;;;;;;
;;;;;;;;
;;;;;;;;
;;;;;;;;
;;;;;;;;
;;;;;;;;
;;;;;;;;
;;;;;;;;
;;;;;;;;
;;;;;;;;
;;;;;;;;
;;;;;;;;
;;;;;;;;
;;;;;;;;
;;;;;;;;
;;;;;;;;
;;;;;;;;
;;;;;;;;
;;;;;;;;
;;;;;;;;
;;;;;;;;
;;;;;;;;
;;;;;;;;
;;;;;;;;
;;;;;;;;
;;;;;;;;
;;;;;;;;
;;;;;;;;
;;;;;;;;
;;;;;;;;
;;;;;;;;
;;;;;;;;
;;;;;;;;
;;;;;;;;
;;;;;;;;
;;;;;;;;
;;;;;;;;
;;;;;;;;
;;;;;;;;
;;;;;;;;
;;;;;;;;
;;;;;;;;
;;;;;;;;
;;;;;;;;
;;;;;;;;
;;;;;;;;
;;;;;;;;
;;;;;;;;
;;;;;;;;
;;;;;;;;
;;;;;;;;
;;;;;;;;
;;;;;;;;
;;;;;;;;
;;;;;;;;
;;;;;;;;
;;;;;;;;
;;;;;;;;
;;;;;;;;
;;;;;;;;
;;;;;;;;
;;;;;;;;
;;;;;;;;
;;;;;;;;
;;;;;;;;
;;;;;;;;
;;;;;;;;
;;;;;;;;
;;;;;;;;
;;;;;;;;
;;;;;;;;
;;;;;;;;
;;;;;;;;
;;;;;;;;
;;;;;;;;
;;;;;;;;
;;;;;;;;
;;;;;;;;
;;;;;;;;
;;;;;;;;
;;;;;;;;
;;;;;;;;
;;;;;;;;
;;;;;;;;
;;;;;;;;
;;;;;;;;
;;;;;;;;
;;;;;;;;
;;;;;;;;
;;;;;;;;
;;;;;;;;
;;;;;;;;
;;;;;;;;
;;;;;;;;
;;;;;;;;
;;;;;;;;
;;;;;;;;
;;;;;;;;
;;;;;;;;
;;;;;;;;
;;;;;;;;
;;;;;;;;
;;;;;;;;
;;;;;;;;
;;;;;;;;
;;;;;;;;
;;;;;;;;
;;;;;;;;
;;;;;;;;
;;;;;;;;
;;;;;;;;
;;;;;;;;
;;;;;;;;
;;;;;;;;
;;;;;;;;
;;;;;;;;
;;;;;;;;
;;;;;;;;
;;;;;;;;
;;;;;;;;
;;;;;;;;
;;;;;;;;
;;;;;;;;
;;;;;;;;
;;;;;;;;
;;;;;;;;
;;;;;;;;
;;;;;;;;
;;;;;;;;
;;;;;;;;
;;;;;;;;
;;;;;;;;
;;;;;;;;
;;;;;;;;
;;;;;;;;
;;;;;;;;
;;;;;;;;
;;;;;;;;
;;;;;;;;
;;;;;;;;
;;;;;;;;
;;;;;;;;
;;;;;;;;
;;;;;;;;
;;;;;;;;
;;;;;;;;
;;;;;;;;
;;;;;;;;
;;;;;;;;
;;;;;;;;
;;;;;;;;
;;;;;;;;
;;;;;;;;
;;;;;;;;
;;;;;;;;
;;;;;;;;
;;;;;;;;
;;;;;;;;
;;;;;;;;
;;;;;;;;
;;;;;;;;
;;;;;;;;
;;;;;;;;
;;;;;;;;
;;;;;;;;
;;;;;;;;
;;;;;;;;
;;;;;;;;
;;;;;;;;
;;;;;;;;
;;;;;;;;
;;;;;;;;
;;;;;;;;
;;;;;;;;
;;;;;;;;
;;;;;;;;
;;;;;;;;
;;;;;;;;
;;;;;;;;
;;;;;;;;
;;;;;;;;
;;;;;;;;
;;;;;;;;
;;;;;;;;
;;;;;;;;
;;;;;;;;
;;;;;;;;
;;;;;;;;
;;;;;;;;
;;;;;;;;
;;;;;;;;
;;;;;;;;
;;;;;;;;
;;;;;;;;
;;;;;;;;
;;;;;;;;
;;;;;;;;
;;;;;;;;
;;;;;;;;
;;;;;;;;
;;;;;;;;
;;;;;;;;
;;;;;;;;
;;;;;;;;
;;;;;;;;
;;;;;;;;
;;;;;;;;
;;;;;;;;
;;;;;;;;
;;;;;;;;
;;;;;;;;
;;;;;;;;
;;;;;;;;
;;;;;;;;
;;;;;;;;
;;;;;;;;
;;;;;;;;
;;;;;;;;
;;;;;;;;
;;;;;;;;
;;;;;;;;
;;;;;;;;
;;;;;;;;
;;;;;;;;
;;;;;;;;
;;;;;;;;
;;;;;;;;
;;;;;;;;
;;;;;;;;
;;;;;;;;
;;;;;;;;
;;;;;;;;
;;;;;;;;
;;;;;;;;
;;;;;;;;
;;;;;;;;
;;;;;;;;
;;;;;;;;
;;;;;;;;
;;;;;;;;
;;;;;;;;
;;;;;;;;
;;;;;;;;
;;;;;;;;
;;;;;;;;
;;;;;;;;
;;;;;;;;
;;;;;;;;
;;;;;;;;
;;;;;;;;
;;;;;;;;
;;;;;;;;
;;;;;;;;
;;;;;;;;
;;;;;;;;
;;;;;;;;
;;;;;;;;
;;;;;;;;
;;;;;;;;
;;;;;;;;
;;;;;;;;
;;;;;;;;
;;;;;;;;
;;;;;;;;
;;;;;;;;
;;;;;;;;
;;;;;;;;
;;;;;;;;
;;;;;;;;
;;;;;;;;
;;;;;;;;
;;;;;;;;
;;;;;;;;
;;;;;;;;
;;;;;;;;
;;;;;;;;
;;;;;;;;
;;;;;;;;
;;;;;;;;
;;;;;;;;
;;;;;;;;
;;;;;;;;
;;;;;;;;
;;;;;;;;
;;;;;;;;
;;;;;;;;
;;;;;;;;
;;;;;;;;
;;;;;;;;
;;;;;;;;
;;;;;;;;
;;;;;;;;
;;;;;;;;
;;;;;;;;
;;;;;;;;
;;;;;;;;
;;;;;;;;
;;;;;;;;
;;;;;;;;
;;;;;;;;
;;;;;;;;
;;;;;;;;
;;;;;;;;
;;;;;;;;
;;;;;;;;
;;;;;;;;
;;;;;;;;
;;;;;;;;
;;;;;;;;
;;;;;;;;
;;;;;;;;
;;;;;;;;
;;;;;;;;
;;;;;;;;
;;;;;;;;
;;;;;;;;
;;;;;;;;
;;;;;;;;
;;;;;;;;
;;;;;;;;
;;;;;;;;
;;;;;;;;
;;;;;;;;
;;;;;;;;
;;;;;;;;
;;;;;;;;
;;;;;;;;
;;;;;;;;
;;;;;;;;
;;;;;;;;
;;;;;;;;
;;;;;;;;
;;;;;;;;
;;;;;;;;
;;;;;;;;
;;;;;;;;
;;;;;;;;
;;;;;;;;
;;;;;;;;
;;;;;;;;
;;;;;;;;
;;;;;;;;
;;;;;;;;
;;;;;;;;
;;;;;;;;
;;;;;;;;
;;;;;;;;
;;;;;;;;
;;;;;;;;
;;;;;;;;
;;;;;;;;
;;;;;;;;
;;;;;;;;
;;;;;;;;
;;;;;;;;
;;;;;;;;
;;;;;;;;
;;;;;;;;
;;;;;;;;
;;;;;;;;
;;;;;;;;
;;;;;;;;
;;;;;;;;
;;;;;;;;
;;;;;;;;
;;;;;;;;
;;;;;;;;
;;;;;;;;
;;;;;;;;
;;;;;;;;
;;;;;;;;
;;;;;;;;
;;;;;;;;
;;;;;;;;
;;;;;;;;
;;;;;;;;
;;;;;;;;
;;;;;;;;
;;;;;;;;
;;;;;;;;
;;;;;;;;
;;;;;;;;
;;;;;;;;
;;;;;;;;
;;;;;;;;
;;;;;;;;
;;;;;;;;
;;;;;;;;
;;;;;;;;
;;;;;;;;
;;;;;;;;
;;;;;;;;
;;;;;;;;
;;;;;;;;
;;;;;;;;
;;;;;;;;
;;;;;;;;
;;;;;;;;
;;;;;;;;
;;;;;;;;
;;;;;;;;
;;;;;;;;
;;;;;;;;
;;;;;;;;
;;;;;;;;
;;;;;;;;
;;;;;;;;
;;;;;;;;
;;;;;;;;
;;;;;;;;
;;;;;;;;
;;;;;;;;
;;;;;;;;
;;;;;;;;
;;;;;;;;
;;;;;;;;
;;;;;;;;
;;;;;;;;
;;;;;;;;
;;;;;;;;
;;;;;;;;
;;;;;;;;
;;;;;;;;
;;;;;;;;
;;;;;;;;
;;;;;;;;
;;;;;;;;
;;;;;;;;
;;;;;;;;
;;;;;;;;
;;;;;;;;
;;;;;;;;
;;;;;;;;
;;;;;;;;
;;;;;;;;
;;;;;;;;
;;;;;;;;
;;;;;;;;
;;;;;;;;
;;;;;;;;
;;;;;;;;
;;;;;;;;
;;;;;;;;
;;;;;;;;
;;;;;;;;
;;;;;;;;
;;;;;;;;
;;;;;;;;
;;;;;;;;
;;;;;;;;
;;;;;;;;
;;;;;;;;
;;;;;;;;
;;;;;;;;
;;;;;;;;
;;;;;;;;
;;;;;;;;
;;;;;;;;
;;;;;;;;
;;;;;;;;
;;;;;;;;
;;;;;;;;
;;;;;;;;
;;;;;;;;
;;;;;;;;
;;;;;;;;
;;;;;;;;
;;;;;;;;
;;;;;;;;
;;;;;;;;
;;;;;;;;
;;;;;;;;
;;;;;;;;
;;;;;;;;
;;;;;;;;
;;;;;;;;
;;;;;;;;
;;;;;;;;
;;;;;;;;
;;;;;;;;
;;;;;;;;
;;;;;;;;
;;;;;;;;
;;;;;;;;
;;;;;;;;
;;;;;;;;
;;;;;;;;
;;;;;;;;
;;;;;;;;
;;;;;;;;
;;;;;;;;
;;;;;;;;
;;;;;;;;
;;;;;;;;
;;;;;;;;
;;;;;;;;
;;;;;;;;
;;;;;;;;
;;;;;;;;
;;;;;;;;
;;;;;;;;
;;;;;;;;
;;;;;;;;
;;;;;;;;
;;;;;;;;
;;;;;;;;
;;;;;;;;
;;;;;;;;
;;;;;;;;
;;;;;;;;
;;;;;;;;
;;;;;;;;
;;;;;;;;
;;;;;;;;
;;;;;;;;
;;;;;;;;
;;;;;;;;
;;;;;;;;
;;;;;;;;
;;;;;;;;
;;;;;;;;
;;;;;;;;
;;;;;;;;
;;;;;;;;
;;;;;;;;
;;;;;;;;
;;;;;;;;
;;;;;;;;
;;;;;;;;
;;;;;;;;
;;;;;;;;
;;;;;;;;
;;;;;;;;
;;;;;;;;
;;;;;;;;
;;;;;;;;
;;;;;;;;
;;;;;;;;
;;;;;;;;
;;;;;;;;
;;;;;;;;
;;;;;;;;
;;;;;;;;
;;;;;;;;
;;;;;;;;
;;;;;;;;
;;;;;;;;
